Id,Score,Sentiment,pred_lr,pred_nb,pred_svm,Text,clean_text
413485,1,Negative,Positive,Positive,Positive,"When I lived in San Diego, I used those traps with amazing success. Now in Philadelphia from time to time I kill moth slapping them on the wall. None have been trapped, zero, none. Maybe these two traps are from last year or the year before. I am so disappointed!",when i lived in san diego i used those traps with amazing success now in philadelphia from time to time i kill moth slapping them on the wall none have been trapped zero none maybe these two traps are from last year or the year before i am so disappointed
155816,1,Negative,Positive,Positive,Positive,"I bought this for my in laws who now live in USA.  We all like Galaxy chocolate and whenever we go over there from UK we take some as a present.  So I got them as an extra Christmas treat from the family.  It would have been cheaper to buy here and post from UK !  Very poor service, will not buy from here again.",i bought this for my in laws who now live in usa we all like galaxy chocolate and whenever we go over there from uk we take some as a present so i got them as an extra christmas treat from the family it would have been cheaper to buy here and post from uk very poor service will not buy from here again
264790,2,Negative,Positive,Positive,Positive,"I love the peanut butter chocolate, and the plain peanut butter is also good.  This tastes artificial and has a disconcerting Pepto Bismol pink color.  I would suggest other kinds.",i love the peanut butter chocolate and the plain peanut butter is also good this tastes artificial and has a disconcerting pepto bismol pink color i would suggest other kinds
568423,3,Neutral,Positive,Positive,Positive,"This version of Pacific Chai is pretty mild.  I LOVE coconut and can bearly, if at all, taste it in this product.  I was glad my six pack was gone so I could buy something a little stronger.  If you like the mild taste of chai and hint of coconut, it would be perfect.  <a href=""http://www.amazon.com/gp/product/B004BY23I8"">Pacific Chai Tea, Coconut Chai Latte, 10-Ounce Cans (Pack of 6)</a>",this version of pacific chai is pretty mild i love coconut and can bearly if at all taste it in this product i was glad my six pack was gone so i could buy something a little stronger if you like the mild taste of chai and hint of coconut it would be perfect pacific chai tea coconut chai latte 10 ounce cans pack of 6
27033,3,Neutral,Positive,Positive,Positive,"Hoping it would taste just as good and the MJB Columbian, I was very disappointed int the decaf. Shipping was very fast & I really appreciated that, along with the price. I'd recommend Sam's decaf as it is columbian. Still, put this into jars with an oxygen pack and will store it for emergencies.",hoping it would taste just as good and the mjb columbian i was very disappointed int the decaf shipping was very fast i really appreciated that along with the price i would recommend sam s decaf as it is columbian still put this into jars with an oxygen pack and will store it for emergencies
50411,1,Negative,Positive,Positive,Positive,"Tastes as if they colored the peppermint Altoids green...Stronger than original and definitely NOT spearmint-flavored! Original had pleasant, mildly sweet taste. Haven't we learned from Coca-Cola to leave well enough alone??",tastes as if they colored the peppermint altoids green stronger than original and definitely not spearmint flavored original had pleasant mildly sweet taste have not we learned from coca cola to leave well enough alone
511686,1,Negative,Positive,Positive,Positive,Received my order promptly but when I opened all 4 packages I discovered that the cookies were all beat to heck!<br />Looks like the NFL used them for football practice! They were also slightly stale! Remind me never to buy cookies online!,received my order promptly but when i opened all 4 packages i discovered that the cookies were all beat to heck looks like the nfl used them for football practice they were also slightly stale remind me never to buy cookies online
203628,2,Negative,Positive,Positive,Positive,"Requires 2 capsules to make a good cup of coffee over, 8 oz or more. If you follow the directions on your CBTL machine and use just 1 you will end up with watered down and weak coffee. Using 2 caps is just not economical and defeats the whole purpose of the design. K-Cups are better for coffee then these little cups that only hold 1/2 the coffee needed for the job. Making 10 or 12 oz coffee with this is really just hot water.",requires 2 capsules to make a good cup of coffee over 8 oz or more if you follow the directions on your cbtl machine and use just 1 you will end up with watered down and weak coffee using 2 caps is just not economical and defeats the whole purpose of the design k cups are better for coffee then these little cups that only hold 1 2 the coffee needed for the job making 10 or 12 oz coffee with this is really just hot water
524298,4,Positive,Neutral,Positive,Neutral,"I guess Amazon can't say that because of copyright laws, but I can because I have no financial interest in the product.  Harry and David has lost their formula.  Except for two differences:  These do not have peanuts (which I didn't like in them anyways), and these are much cheaper.<br /><br />However, the nutritional information is appalling!  3.5 grams of saturated fat in a 130 calorie pack!!  I will only be able to eat these on special occasions...",i guess amazon cannot say that because of copyright laws but i can because i have no financial interest in the product harry and david has lost their formula except for two differences these do not have peanuts which i did not like in them anyways and these are much cheaper however the nutritional information is appalling 3 5 grams of saturated fat in a 130 calorie pack i will only be able to eat these on special occasions
322545,2,Negative,Positive,Positive,Negative,"While the French Roast tastes nice with cream and sugar (as does almost any coffee,) the Tully's brand of French Roast served black is almost flavorless aside from its bitter aftertaste. Nearly every K-Cup tastes good served with cream and sugar; French Roast tastes poor when served black. I suggest another flavor.",while the french roast tastes nice with cream and sugar as does almost any coffee the tully s brand of french roast served black is almost flavorless aside from its bitter aftertaste nearly every k cup tastes good served with cream and sugar french roast tastes poor when served black i suggest another flavor
126110,2,Negative,Positive,Positive,Positive,"<a href=""http://www.amazon.com/gp/product/B0001WOLMU"">Authentic Foods Vanilla Powder</a><br /><br />Silica is sand (typically made into glass) and ""cane juice"" I assume is ""sugar cane juice"" which is of course sugar.",authentic foods vanilla powder silica is sand typically made into glass and cane juice i assume is sugar cane juice which is of course sugar
127873,4,Positive,Neutral,Positive,Neutral,"The tea is good but not great.  The price, however, is unbeatable.  If you are willing to pay more for top quality, get Yamamotoyama's Tokusen Kokyu Sencha (Premium Green Tea).  If you want a great deal, however, get their regular sencha.",the tea is good but not great the price however is unbeatable if you are willing to pay more for top quality get yamamotoyama s tokusen kokyu sencha premium green tea if you want a great deal however get their regular sencha
67632,4,Positive,Negative,Negative,Negative,"The purpose of my review is simple:  Know that you are buying a coffee that is flavored.  It's 'chocolate glazed donut' flavored coffee.  I bought 48 of these thinking it was 'donut house' coffee.  Well, it is.  But what I didn't realize is that Donut House is apparently a brand, not a flavor.  The good news is that this flavored coffee doesn't completely suck.  Don't get me wrong, if you like 'Donut House' regular coffee, you probably won't like this flavor.  I don't.  But it's not their fault that I buy things on amazon without reading the fine print (or in this case, reading the primary description).  I will suffer through 'chocolate glazed donut' for the next 3-4 weeks so that I might learn this lesson:  Read the description of what you are buying!  Who would buy chocolate glazed donut coffee, anyway?  ;-)",the purpose of my review is simple know that you are buying a coffee that is flavored it is chocolate glazed donut flavored coffee i bought 48 of these thinking it was donut house coffee well it is but what i did not realize is that donut house is apparently a brand not a flavor the good news is that this flavored coffee does not completely suck do not get me wrong if you like donut house regular coffee you probably will not like this flavor i do not but it is not their fault that i buy things on amazon without reading the fine print or in this case reading the primary description i will suffer through chocolate glazed donut for the next 3 4 weeks so that i might learn this lesson read the description of what you are buying who would buy chocolate glazed donut coffee anyway
185587,4,Positive,Neutral,Positive,Positive,"I've had the Mariani brand dried apricots, which always seem to be plump and moist; but they are not organic, nor unsulphured.  I wanted to try these to get a more natural tasting apricot. The taste of these apricots is not very much different to the brands I can get locally.  They taste pretty good.  However, the big difference is that many in each package are quite dried out, hard and tough.  I have yet to try to reconstitute them with warm water.  But I will definitely give that a try when I cook them up to make baby food.",i have had the mariani brand dried apricots which always seem to be plump and moist but they are not organic nor unsulphured i wanted to try these to get a more natural tasting apricot the taste of these apricots is not very much different to the brands i can get locally they taste pretty good however the big difference is that many in each package are quite dried out hard and tough i have yet to try to reconstitute them with warm water but i will definitely give that a try when i cook them up to make baby food
33862,3,Neutral,Positive,Positive,Positive,"We have 3 cats, 2 male and 1 female.  They adjusted great on it, and their stool was quite less smelly :)  BUT after 3 weeks of use our female cat developed a urinary tract infection and the doctor said some cats can't handle the high levels of protein in some foods and higher levels of ash, magnesium, and calcium.  He told us to switch foods immediately.  So we did, the last thing you want is a cat with a uti!  If your cats are sensitive like ours seems to be this isn't the food for you!  But for bigger stronger cats it seemed ok.  Our female cat does fine with table scraps, but she is a petite cat so all the protein and minerals was too much for her.  We switched to Purina Pro Plan chicken, special urinary tract formula and they seem to be adjusting well (all 3!)",we have 3 cats 2 male and 1 female they adjusted great on it and their stool was quite less smelly but after 3 weeks of use our female cat developed a urinary tract infection and the doctor said some cats cannot handle the high levels of protein in some foods and higher levels of ash magnesium and calcium he told us to switch foods immediately so we did the last thing you want is a cat with a uti if your cats are sensitive like ours seems to be this is not the food for you but for bigger stronger cats it seemed ok our female cat does fine with table scraps but she is a petite cat so all the protein and minerals was too much for her we switched to purina pro plan chicken special urinary tract formula and they seem to be adjusting well all 3
445845,1,Negative,Positive,Positive,Positive,"I spoke with the manufacturer.  This is NOT certified gluten-free.  It contains ""Natural Flavors"" that they could not assure me were free from gluten.  It also contains ""Yeast Extract"" which can pose a problem for some.  I have seen conflicting information about whether or not Yeast Extract contains gluten (from barley).  CELIACS BEWARE.",i spoke with the manufacturer this is not certified gluten free it contains natural flavors that they could not assure me were free from gluten it also contains yeast extract which can pose a problem for some i have seen conflicting information about whether or not yeast extract contains gluten from barley celiacs beware
2011,5,Positive,Negative,Positive,Negative,"I bought a Belgian waffle maker sort of on a whim and I was then confronted with the question: What waffle mix do I use? Somehow ""Hungry Jack"" felt like an afront to such a sublime kitchen appliance. I read the reviews here on Amazon and concluded that despite the rather high price, Stonewall would be a great choice. Bang! Nailed it the first time. Now, I don't know if my waffle maker is particularly large/deep, but I get only two and one half waffles out of each batch (following the recipe on the label). I don't dare water it down to try to stretch it out and I figure I only got about 10 batches of waffles out of one can. The cost-per-waffle is steep, but these have never failed to come out light on the inside, slightly crisp on the outside, and they have NEVER stuck to the waffle iron. Grudgingly, even though I see the price has gone up a dollar per can, I will be reordering, but if it goes up any higher, I may have to try another brand.",i bought a belgian waffle maker sort of on a whim and i was then confronted with the question what waffle mix do i use somehow hungry jack felt like an afront to such a sublime kitchen appliance i read the reviews here on amazon and concluded that despite the rather high price stonewall would be a great choice bang nailed it the first time now i do not know if my waffle maker is particularly large deep but i get only two and one half waffles out of each batch following the recipe on the label i do not dare water it down to try to stretch it out and i figure i only got about 10 batches of waffles out of one can the cost per waffle is steep but these have never failed to come out light on the inside slightly crisp on the outside and they have never stuck to the waffle iron grudgingly even though i see the price has gone up a dollar per can i will be reordering but if it goes up any higher i may have to try another brand
353902,3,Neutral,Positive,Positive,Positive,"I've been using this deodorant for a few weeks now and have noticed a lot of increased itching in my underarms.  I've narrowed it down to the deodorant.  It only happens when I use it and then don't sweat later on in the day.  It seems to clump up and cause major irritation to the point of burning.  I'm switching back to the ""Degree Confort"" deodorant as that has the same effectiveness with a lot less irritation.",i have been using this deodorant for a few weeks now and have noticed a lot of increased itching in my underarms i have narrowed it down to the deodorant it only happens when i use it and then do not sweat later on in the day it seems to clump up and cause major irritation to the point of burning i am switching back to the degree confort deodorant as that has the same effectiveness with a lot less irritation
503166,3,Neutral,Positive,Positive,Positive,"Nothing wrong with the syrup. Just a heads up that these are 12 ounce bottle, not the usually bigger bottles (24 oz I believe). So each bottle's content is equivalent to a can of soda. So even though this is a 6 pack, it ends up being pretty expensive. I got it because I'm an Amazon Prime member (free shipping) and am too lazy to go to the supermarket.",nothing wrong with the syrup just a heads up that these are 12 ounce bottle not the usually bigger bottles 24 oz i believe so each bottle s content is equivalent to a can of soda so even though this is a 6 pack it ends up being pretty expensive i got it because i am an amazon prime member free shipping and am too lazy to go to the supermarket
415227,4,Positive,Negative,Negative,Negative,It should have dawned on me that 7lbs would be a small jug but it just didn't register.  Not a seller issue by any means but I thought I would be getting a lot more for my money.  I have to say it's much more convenient then lugging a heavy jug from the store.,it should have dawned on me that 7lbs would be a small jug but it just did not register not a seller issue by any means but i thought i would be getting a lot more for my money i have to say it is much more convenient then lugging a heavy jug from the store
296787,3,Neutral,Positive,Positive,Positive,"Drake's Funny Bones are the only snack cakes worth eating. As popular as peanut butter and chocolate candies are, it seems odd that there aren't more snack cakes made in that flavor combination.<br />Drake's Funny Bones ARE hard to find and ARE wonderful/ yummy/ nostalgic treats, but it still doesn't justify the pricing here.<br />I quickly found a seller online after Googling, 'Drakes Funny Bones', they charge less than $4 a box. There is no reason to pay more than $4 for a box of snack cakes.<br />I prefer to buy things on Amazon when I can, but not at this inflated price.",drake s funny bones are the only snack cakes worth eating as popular as peanut butter and chocolate candies are it seems odd that there are not more snack cakes made in that flavor combination drake s funny bones are hard to find and are wonderful yummy nostalgic treats but it still does not justify the pricing here i quickly found a seller online after googling drakes funny bones they charge less than 4 a box there is no reason to pay more than 4 for a box of snack cakes i prefer to buy things on amazon when i can but not at this inflated price
49035,2,Negative,Positive,Positive,Positive,"I've heard that this type of treat is very good. Dogs seem to like it and it seems to last a long time. Other than it seeming to taste good, it didn't even last 10 minutes! I have a labradane. She loves treats which doesnt help the fact people says it may or may not taste good. Other than that, this product stinks. I bought it a few days ago and it finally arrived today. I put my puppy in her crate and handed her one of these treats to keep her busy while I pack. This treat was GONE in less than 10 minutes. G.O.N.E gone! Now, its not like my puppy is an aggressive chewer, she just has a strong jaw. She's also a puppy, for those people reading this who have ever had a puppy, they are easily distracted by food.<br />I looked up dog treats for aggressive chewers/strong jawed dogs and this was one of the first 5 items that appeared.I read reviews on it and everyone was crazy about how it was soo good. Now to find that I'm not finished packing, I have to go fill up her KONG to keep her from crying as she sees me running in and out of the room. I do not recommend this unless your dog is old or isnt very interested in dog treats/bones and would rather lay next to you...",i have heard that this type of treat is very good dogs seem to like it and it seems to last a long time other than it seeming to taste good it did not even last 10 minutes i have a labradane she loves treats which doesnt help the fact people says it may or may not taste good other than that this product stinks i bought it a few days ago and it finally arrived today i put my puppy in her crate and handed her one of these treats to keep her busy while i pack this treat was gone in less than 10 minutes g o n e gone now its not like my puppy is an aggressive chewer she just has a strong jaw she is also a puppy for those people reading this who have ever had a puppy they are easily distracted by food i looked up dog treats for aggressive chewers strong jawed dogs and this was one of the first 5 items that appeared i read reviews on it and everyone was crazy about how it was soo good now to find that i am not finished packing i have to go fill up her kong to keep her from crying as she sees me running in and out of the room i do not recommend this unless your dog is old or isnt very interested in dog treats bones and would rather lay next to you
315750,3,Neutral,Negative,Positive,Negative,"It arrived cold and fresh in Ca. It was derinded so it was easiy to cut. It cooked well and smelled wonderful. But, It was 20% too salty for my taste. The bacon was edible and was a good component for dishes,but so salty I couldn't eat more than 1 piece at a sitting. I will not order this brand again.",it arrived cold and fresh in ca it was derinded so it was easiy to cut it cooked well and smelled wonderful but it was 20 too salty for my taste the bacon was edible and was a good component for dishes but so salty i could not eat more than 1 piece at a sitting i will not order this brand again
558433,3,Neutral,Positive,Positive,Positive,"Seeds are my favorite snack to eat while watching a game or just flat out doing nothing.  I love seeds so much that I bought this 12 pack of Davids Sunflower seeds BBQ flavor..Oh boy there a lot of seeds.<br /><br />Pros<br />-Pretty cheap<br />-A lot of seeds<br />-Easy to split to get to the kernel<br /><br />Cons<br />-Lays sunflower seeds has more flavor than this<br />-A lot of broke shells are in the bags<br /><br />Overall, Good for the price but not so good for the flavor.",seeds are my favorite snack to eat while watching a game or just flat out doing nothing i love seeds so much that i bought this 12 pack of davids sunflower seeds bbq flavor oh boy there a lot of seeds pros pretty cheap a lot of seeds easy to split to get to the kernel cons lays sunflower seeds has more flavor than this a lot of broke shells are in the bags overall good for the price but not so good for the flavor
567109,3,Neutral,Positive,Positive,Positive,"Consistently on Amazon, the sugar-coated toaster pastries are cheaper than the exact same item without the sugar coating.  Why is the healthier version cheaper?  These toaster pastries are too sweet, but would be perfect without the sugar coating.",consistently on amazon the sugar coated toaster pastries are cheaper than the exact same item without the sugar coating why is the healthier version cheaper these toaster pastries are too sweet but would be perfect without the sugar coating
271846,2,Negative,Neutral,Positive,Neutral,"This milk powder is too fine. With your average supermaket dry milk, you can just sprinkle the powder into your oatmeal and it will dissolve. This stuff, on the other hand, turns into chewy clumps unless you reconstitute it separately with a whisk. As a result, there are still three bags of this milk powder sitting in my cupboard, unused.<br /><br />This milk tastes fine. It's just too much of a pain to use.",this milk powder is too fine with your average supermaket dry milk you can just sprinkle the powder into your oatmeal and it will dissolve this stuff on the other hand turns into chewy clumps unless you reconstitute it separately with a whisk as a result there are still three bags of this milk powder sitting in my cupboard unused this milk tastes fine it is just too much of a pain to use
315791,2,Negative,Positive,Positive,Negative,"I wish this product mixed better with water (how i primarily use these green food powders). Most of the powder settles at the bottom within a minute after I shake/mix it up. Also, drinking it with all of that undissolved sediment isn't plesant at all. The flavor is nice, but not nice enough to make up for the fact that it doesn't dissolve.",i wish this product mixed better with water how i primarily use these green food powders most of the powder settles at the bottom within a minute after i shake mix it up also drinking it with all of that undissolved sediment is not plesant at all the flavor is nice but not nice enough to make up for the fact that it does not dissolve
358539,3,Neutral,Positive,Positive,Positive,I can hardly eat this bar without it disintegrating into dust. The pieces that break off are good though.,i can hardly eat this bar without it disintegrating into dust the pieces that break off are good though
15317,3,Neutral,Positive,Positive,Positive,"Yes, tasty -- but it takes a little getting used-to.  You have to like coconut to like this snack item.  That taste quite overwhelmed all else, for me.  I found few chocolate chips -- maybe they were all taking a rest when my snacks were baked.  Anyway, it's a chewy but tasty item worthy of your consideration.  Give it a try.",yes tasty but it takes a little getting used to you have to like coconut to like this snack item that taste quite overwhelmed all else for me i found few chocolate chips maybe they were all taking a rest when my snacks were baked anyway it is a chewy but tasty item worthy of your consideration give it a try
523843,2,Negative,Neutral,Negative,Neutral,"If you want organic coffee, this is probably one of the cheapest you'll find.  However, in this case you get what you pay for.  The coffee was fresh and oily, and has an ok, but not great flavor.  BUT the beans had a strong urine smell that was off-putting.  The coffee did not smell like urine once brewed, but the smell of the unground beans was truly awful.",if you want organic coffee this is probably one of the cheapest you will find however in this case you get what you pay for the coffee was fresh and oily and has an ok but not great flavor but the beans had a strong urine smell that was off putting the coffee did not smell like urine once brewed but the smell of the unground beans was truly awful
115026,1,Negative,Positive,Positive,Positive,i have not received my purchase.... The assam tea is the best in taste and aroma.... I am so desappointed with my experience....,i have not received my purchase the assam tea is the best in taste and aroma i am so desappointed with my experience
136357,1,Negative,Positive,Positive,Positive,"I actually liked the coffee in these k-cups.  I liked it a lot.  But the k-cups exploded in my brewer.  Not only did the cup of coffee not brew properly, but the explosion clogged up my machine.  It took me 2 days to clean it all out.",i actually liked the coffee in these k cups i liked it a lot but the k cups exploded in my brewer not only did the cup of coffee not brew properly but the explosion clogged up my machine it took me 2 days to clean it all out
210035,3,Neutral,Positive,Positive,Positive,"I am on an ultra low calorie diet. The foods I am allowed to eat are severely restricted. I'm also diabetic. For someone like me that is used to the taste of the various artificial sweeteners on the market this is a great dressing. It isn't as thick as regular dressing.<br /><br />The flavor is close. I love the stuff. Don't use as much as you would normally use!<br /><br />If you aren't already used to the taste of artificial sweetener it may take you a while to get used to, but it is worth it.",i am on an ultra low calorie diet the foods i am allowed to eat are severely restricted i am also diabetic for someone like me that is used to the taste of the various artificial sweeteners on the market this is a great dressing it is not as thick as regular dressing the flavor is close i love the stuff do not use as much as you would normally use if you are not already used to the taste of artificial sweetener it may take you a while to get used to but it is worth it
158766,4,Positive,Neutral,Neutral,Neutral,"These were OK but I much prefer the Betty Crocked Seasoned Hash Browns,  these worked in a pinch but really had no flavor",these were ok but i much prefer the betty crocked seasoned hash browns these worked in a pinch but really had no flavor
289406,5,Positive,Negative,Positive,Negative,"I commented on someones review of this product whos dog became very ill, which caused me to look at some of the other negitive reviews and I would like to offer information about this product and my experiance with smokehouse.  I have purchased this brand for many years. I have also purchased other brands. None of my dogs has every gotten sick from a smokehouse bone. At one point I purchased a bag of 3 bones that were a differant brand, when I opened up the bag a cloud of mold poofed into the air. Obviously I didnt give them to my dogs. My point is this the brand this happened with is well known and reliable, but that doesnt mean nothing ever goes wrong.  Most people at sometime in their life have purchased a moldy loaf of bread, or cheese or even gone to a resturant where there was something very definantly wrong with the food. It may not happen often but when it does its dangerous, and unpleasant. But we still continue to buy food at the grocery store and go to resturants.<br /><br />There are differances in opinions of even vets as to whether or not you should use properly cured beef bones or raw hide chews. I have never had a problem with the cured beef bones from smokehouse and I know of vets that recommend bones vs rawhide chews and rawhide chews vs cured beef bones. Yes pieces of bone can be broken off, swallowed, and then get lodged in the system, I also know of dogs that have had rawhide chews that have caused serious health issues. If a dog gets a large enough piece of rawhide swallowed, contrary to what some think it does not get fully digested and can also cause vomiting and even a blockage.<br /><br />When you deal with food whether its for pets or humans things do go wrong.<br /><br />The smokehouse bones keep my dogs teeth free of tartar, they have fun, Im happy and have never had a problem. I under no circumstances will give my dogs rawhide anything. Ive know of several dogs that have had issues with rawhide and only one dog that had a minor problem with a cured beef bone and it was not a smokehouse bone.",i commented on someones review of this product whos dog became very ill which caused me to look at some of the other negitive reviews and i would like to offer information about this product and my experiance with smokehouse i have purchased this brand for many years i have also purchased other brands none of my dogs has every gotten sick from a smokehouse bone at one point i purchased a bag of 3 bones that were a differant brand when i opened up the bag a cloud of mold poofed into the air obviously i didnt give them to my dogs my point is this the brand this happened with is well known and reliable but that doesnt mean nothing ever goes wrong most people at sometime in their life have purchased a moldy loaf of bread or cheese or even gone to a resturant where there was something very definantly wrong with the food it may not happen often but when it does its dangerous and unpleasant but we still continue to buy food at the grocery store and go to resturants there are differances in opinions of even vets as to whether or not you should use properly cured beef bones or raw hide chews i have never had a problem with the cured beef bones from smokehouse and i know of vets that recommend bones vs rawhide chews and rawhide chews vs cured beef bones yes pieces of bone can be broken off swallowed and then get lodged in the system i also know of dogs that have had rawhide chews that have caused serious health issues if a dog gets a large enough piece of rawhide swallowed contrary to what some think it does not get fully digested and can also cause vomiting and even a blockage when you deal with food whether its for pets or humans things do go wrong the smokehouse bones keep my dogs teeth free of tartar they have fun im happy and have never had a problem i under no circumstances will give my dogs rawhide anything ive know of several dogs that have had issues with rawhide and only one dog that had a minor problem with a cured beef bone and it was not a smokehouse bone
398388,1,Negative,Positive,Positive,Negative,"U get a great taste of real spices of ""Shan"" products..those are only 99 cents..",u get a great taste of real spices of shan products those are only 99 cents
459881,1,Negative,Positive,Positive,Positive,"From Manitoba Harvest: Cross contamination can occur in pesticide free (non organic grown seed) as wind blow or sharing of trucks, equipment or storage bins can occur. For peace of mind buy certified organic as farmers pay attention to detail, don't share equipment or bins, and are monitored strictly so they are paid a higher prices per pound. There's a difference in what kind of fertilizer is used on the land. Our organic seeds come from certified organic land which uses alfalfa as fertilizer, while our pesticide-free seed farmers have the option of using a synthetic topical on the soil, very much the same as liquid plant food you can buy for your house. This synthetic topical is man-made and not organic, which is why our Pesticide-Free product line cannot be certified organic.<br /><br />Also the tubs are gigantic which makes storing a pain. I've gotten a couple of tubs that needed to be cut open because it wasn't perforated and they couldn't be resealed which also was a problem because the product couldn't stay fresh. They need to stick with the resealable bags and jars rather than these tubs. Cheap is not always worth it that's for sure. I'll stick to true organic in bags that take up little space.",from manitoba harvest cross contamination can occur in pesticide free non organic grown seed as wind blow or sharing of trucks equipment or storage bins can occur for peace of mind buy certified organic as farmers pay attention to detail do not share equipment or bins and are monitored strictly so they are paid a higher prices per pound there s a difference in what kind of fertilizer is used on the land our organic seeds come from certified organic land which uses alfalfa as fertilizer while our pesticide free seed farmers have the option of using a synthetic topical on the soil very much the same as liquid plant food you can buy for your house this synthetic topical is man made and not organic which is why our pesticide free product line cannot be certified organic also the tubs are gigantic which makes storing a pain i have gotten a couple of tubs that needed to be cut open because it was not perforated and they could not be resealed which also was a problem because the product could not stay fresh they need to stick with the resealable bags and jars rather than these tubs cheap is not always worth it that is for sure i will stick to true organic in bags that take up little space
303006,3,Neutral,Positive,Positive,Positive,I love my honeysticks~ how ever I do wish they had cleaner ingredients.... dont need all the artifical colorings and flavors.,i love my honeysticks how ever i do wish they had cleaner ingredients dont need all the artifical colorings and flavors
207740,1,Negative,Positive,Negative,Positive,"There once was a rabbit named Clover<br />Sold by Amazon, over and over<br />When they said he was fresh<br />They did NOT mean his flesh<br />Which would make a coyote* keel over<br /><br />When I saw he was missing his head<br />I surmised that old Clover was dead<br />So I took out some cheese<br />Which I melted with ease<br />And served some Welsh rarebit instead<br /><br />*pronounced kahy-OH-tee<br /><br />Note: This item does not come with Amazon's easy-open packaging.<br />It took me quite a while to find it hidden inside the shiny black top hat, even though the instructions stated quite clearly that it was a riddle, wrapped in a mystery, inside an enigma.  In the end, I used the knife, in the kitchen.<br /><br />Amanda Richards, August 31, 2010",there once was a rabbit named clover sold by amazon over and over when they said he was fresh they did not mean his flesh which would make a coyote keel over when i saw he was missing his head i surmised that old clover was dead so i took out some cheese which i melted with ease and served some welsh rarebit instead pronounced kahy oh tee note this item does not come with amazon s easy open packaging it took me quite a while to find it hidden inside the shiny black top hat even though the instructions stated quite clearly that it was a riddle wrapped in a mystery inside an enigma in the end i used the knife in the kitchen amanda richards august 31 2010
52508,1,Negative,Positive,Positive,Positive,"I think the ingredients in this food speak for themselves - cheap filler & byproducts supplemented with vitamins.  After doing a tiny amount of research on cat nutrition I was absolutely disgusted with myself for feeding this food to my cat for over 3 years.  I am also disgusted that so many veterinarians have apparently been bought off by the Hill's company.<br /><br />This Science Diet formula's first 8 ingredients:<br />1 - Brewers rice: Filler. Processed rice product that is missing many of the nutrients contained in whole ground rice. (Cat's don't need grain, and this is the first ingredient!)<br />2 - Chicken By Product Meal: Parts of chicken not fit for human consumption, i.e. head, feet, bones, entrails, blood, intestines, etc.<br />3 - Corn Gluten Meal: Corn byproduct used as an inexpensive protein source.  Many cats and dogs are allergic to corn and, again, cats are carnivores and do not need grain.<br />4 - Powdered Cellulose:  Sawdust!<br />5 - Ground Whole Grain Corn:  More cheap, HYPER allergenic grain that cats don't need.<br />6 - Chicken Liver Flavor:  Self explanatory, but why not just use real chicken liver?<br />7 - Animal Fat: Fat from an unnamed animal source, most likely fat from many types of animals that the Hills company would rather not name.<br />8 - Soybean Mill Run: Soybean hulls - a cheap, byproduct filler.  Soy is also highly allergenic.<br /><br />The funny thing - anyone who buys Science Diet knows it's pretty expensive food.  Yet we can all reasonably presume that these fillers and byproducts probably aren't that expensive to source.  What's worse is that this food can cause serious health problems like diabetes due to the ridiculously high amount of carbohydrates (aka sugars).  The guaranteed analysis on the Hill's website indicates this food is composed of 43.2% carbohydrates.  That's completely inappropriate for the nutritional needs of cats.<br /><br />I was lucky to ""see the light"" before my cat developed any serious health problems from this food.  My cats symptoms on Science Diet were fairly mild, but still concerning - she got fatter and fatter, she was inactive, her coat was dull, and she pooped a lot.  The first food I switched her to was Taste of the Wild Rocky Mountain Formula, which is a grain-free, high protein diet that costs about half the price of Science Diet.  The first 8 ingredients of Taste of the Wild are chicken meal, peas, sweet potatoes, chicken fat, pea protein, potato protein, roasted venison, smoked salmon.  Obvious improvement over Science Diet's ingredients.  My cat loved it, started losing weight, more activity, coat became shiner, and there were litter box benefits as well (less poo because she was no longer eating filler that her body couldn't process).  I absolutely feel Taste of the Wild is an amazing value for grain-free cat food and a vastly superior product compared to Science Diet and most other commercial cat foods.<br /><br />A few months ago I found Orijen cat food and decided to switch again.  The first 8 ingredients of Orijen are fresh boneless chicken, chicken meal, fresh boneless salmon, turkey meal, fresh chicken liver, herring meal, russet potato, chicken fat.  Now doesn't the Orijen ingredient list make the Science Diet ingredients above even more laughable and sad?  After feeding Orijen and a bit of high-quality canned food every day (Tiki Cat or Nature's Variety Instict), my 4 year old cat has practically become a kitten again.  She plays every day and is the picture of lean, bright-eyed, happy feline health.  Changing my cat's diet from Science Diet to a diet appropriate for felines has completely transformed my cat in less than 6 months!<br /><br />There is so much information about feline health out there and so many holistic foods to choose from now.  I strongly believe that anyone who currently feeds Science Diet would feel immediately compelled to switch foods after doing 20-30 minutes of research.  Please do.",i think the ingredients in this food speak for themselves cheap filler byproducts supplemented with vitamins after doing a tiny amount of research on cat nutrition i was absolutely disgusted with myself for feeding this food to my cat for over 3 years i am also disgusted that so many veterinarians have apparently been bought off by the hill s company this science diet formula s first 8 ingredients 1 brewers rice filler processed rice product that is missing many of the nutrients contained in whole ground rice cat s do not need grain and this is the first ingredient 2 chicken by product meal parts of chicken not fit for human consumption i e head feet bones entrails blood intestines etc 3 corn gluten meal corn byproduct used as an inexpensive protein source many cats and dogs are allergic to corn and again cats are carnivores and do not need grain 4 powdered cellulose sawdust 5 ground whole grain corn more cheap hyper allergenic grain that cats do not need 6 chicken liver flavor self explanatory but why not just use real chicken liver 7 animal fat fat from an unnamed animal source most likely fat from many types of animals that the hills company would rather not name 8 soybean mill run soybean hulls a cheap byproduct filler soy is also highly allergenic the funny thing anyone who buys science diet knows it is pretty expensive food yet we can all reasonably presume that these fillers and byproducts probably are not that expensive to source what is worse is that this food can cause serious health problems like diabetes due to the ridiculously high amount of carbohydrates aka sugars the guaranteed analysis on the hill s website indicates this food is composed of 43 2 carbohydrates that is completely inappropriate for the nutritional needs of cats i was lucky to see the light before my cat developed any serious health problems from this food my cats symptoms on science diet were fairly mild but still concerning she got fatter and fatter she was inactive her coat was dull and she pooped a lot the first food i switched her to was taste of the wild rocky mountain formula which is a grain free high protein diet that costs about half the price of science diet the first 8 ingredients of taste of the wild are chicken meal peas sweet potatoes chicken fat pea protein potato protein roasted venison smoked salmon obvious improvement over science diet s ingredients my cat loved it started losing weight more activity coat became shiner and there were litter box benefits as well less poo because she was no longer eating filler that her body could not process i absolutely feel taste of the wild is an amazing value for grain free cat food and a vastly superior product compared to science diet and most other commercial cat foods a few months ago i found orijen cat food and decided to switch again the first 8 ingredients of orijen are fresh boneless chicken chicken meal fresh boneless salmon turkey meal fresh chicken liver herring meal russet potato chicken fat now does not the orijen ingredient list make the science diet ingredients above even more laughable and sad after feeding orijen and a bit of high quality canned food every day tiki cat or nature s variety instict my 4 year old cat has practically become a kitten again she plays every day and is the picture of lean bright eyed happy feline health changing my cat s diet from science diet to a diet appropriate for felines has completely transformed my cat in less than 6 months there is so much information about feline health out there and so many holistic foods to choose from now i strongly believe that anyone who currently feeds science diet would feel immediately compelled to switch foods after doing 20 30 minutes of research please do
529856,3,Neutral,Positive,Positive,Positive,"This is a new review - the stuff i ordered last Christmas was WONDERFUL, so I ordered two cans to make catnip toys for the 12 or so cats I know. I opened this up, and my cat who loved the last tin had no reaction. The new stuff has a difference color and appearance. Putting them right next to each other, they only show interest in the old stuff. The catnip toys also have no affect on them, which means I wasted my time making them and there will be a lot of bored cats this year when they open their presents. Rubbing it between my fingers didn't make it fragrant enough for them to care either.<br /><br />I am leaving some out on a little tray for them and I've seen them walk up and munch it a couple of times now over a week, but it's more like when you go browse in the fridge cause you're bored so you put something in your mouth, not eating something because you're hungry and it's really appealing, if you know what I mean. So what I have will last a very very long time, I will probably order it one more time when I run out to see if next year's crop is closer to the original tins I purchased.<br /><br />(note: my MIL claims her cats are into the toys I made them, so I don't know if they aren't as picky as my cats or she said that to spare my feelings)<br /><br />Old Review: When they stopped selling cosmic catnip at Petco I went in search of a new catnip. I have three cats, and one of them is a fiend, the other two don't care so much. We tried one that I ended up finding bugs in several months later :(. I got some of this for my MIL's cats last Christmas, and a tin for us, and the fiend loves it, and one of the cats that only ate catnip if I spent a lot of time smooshing it between my fingers for him to increase the smell actively eats this catnip without me trying to coerce him, so I am really happy and impressed with this brand.",this is a new review the stuff i ordered last christmas was wonderful so i ordered two cans to make catnip toys for the 12 or so cats i know i opened this up and my cat who loved the last tin had no reaction the new stuff has a difference color and appearance putting them right next to each other they only show interest in the old stuff the catnip toys also have no affect on them which means i wasted my time making them and there will be a lot of bored cats this year when they open their presents rubbing it between my fingers did not make it fragrant enough for them to care either i am leaving some out on a little tray for them and i have seen them walk up and munch it a couple of times now over a week but it is more like when you go browse in the fridge cause you are bored so you put something in your mouth not eating something because you are hungry and it is really appealing if you know what i mean so what i have will last a very very long time i will probably order it one more time when i run out to see if next year s crop is closer to the original tins i purchased note my mil claims her cats are into the toys i made them so i do not know if they are not as picky as my cats or she said that to spare my feelings old review when they stopped selling cosmic catnip at petco i went in search of a new catnip i have three cats and one of them is a fiend the other two do not care so much we tried one that i ended up finding bugs in several months later i got some of this for my mil s cats last christmas and a tin for us and the fiend loves it and one of the cats that only ate catnip if i spent a lot of time smooshing it between my fingers for him to increase the smell actively eats this catnip without me trying to coerce him so i am really happy and impressed with this brand
54765,2,Negative,Positive,Positive,Positive,"I just received my order in the mail and was unhappy to find that the top to my coconut oil was missing. Thank god the coconut oil is at a solid, because the oil would be ever where. I will not be ordering this product in the future sadly.",i just received my order in the mail and was unhappy to find that the top to my coconut oil was missing thank god the coconut oil is at a solid because the oil would be ever where i will not be ordering this product in the future sadly
362938,1,Negative,Positive,Negative,Positive,"I ordered this in multiple colors. It's not that glittery, and it becomes gummy upon contact with moisture... I think this stuff only works if you sprinkle it on and then immediately serve the dish. I used it as a decoration on top of a cheesecake, and within 30 minutes it had ""melted"" into a gooey substance - and the cheesecake had just come out of the refrigerator. Cute idea, poor execution.<br /><br />Plus, for this silver color, the package came WITHOUT a safety seal of any kind - just unscrew the white top and the stuff comes pouring out. So I never even used the silver one - and it would have cost way more than the cost of the glitter to return it, so I just ""ate"" the cost.",i ordered this in multiple colors it is not that glittery and it becomes gummy upon contact with moisture i think this stuff only works if you sprinkle it on and then immediately serve the dish i used it as a decoration on top of a cheesecake and within 30 minutes it had melted into a gooey substance and the cheesecake had just come out of the refrigerator cute idea poor execution plus for this silver color the package came without a safety seal of any kind just unscrew the white top and the stuff comes pouring out so i never even used the silver one and it would have cost way more than the cost of the glitter to return it so i just ate the cost
363126,2,Negative,Neutral,Positive,Negative,"I really like strong coffee, but did not enjoy this particular blend. To me, it tasted a little like licking an ashtray. I will go back to Starbucks french roast or breakfast blend, both of which I enjoy much better than this one.",i really like strong coffee but did not enjoy this particular blend to me it tasted a little like licking an ashtray i will go back to starbucks french roast or breakfast blend both of which i enjoy much better than this one
235941,1,Negative,Positive,Negative,Negative,"I know exactly how delicious this product can be and so, because both my boyfriend and I love soft licorice, I ordered some via an Amazon seller. When it arrived, we tore it open. I had raised his expectations of this yummy Aussie / N.Z. treat. It was a big let down. The sell by date on the pack was about 6 months before it was sold; it was hard, not soft and faded/pale in color - so stale. I complained to the seller and got a refund, but kiddos, I would never buy this way again. Get it in person where you can squeeze the product and look at the sell by date! The product when fresh is incredibly yummy. Settle for nothing less than fresh, fresh, fresh.",i know exactly how delicious this product can be and so because both my boyfriend and i love soft licorice i ordered some via an amazon seller when it arrived we tore it open i had raised his expectations of this yummy aussie n z treat it was a big let down the sell by date on the pack was about 6 months before it was sold it was hard not soft and faded pale in color so stale i complained to the seller and got a refund but kiddos i would never buy this way again get it in person where you can squeeze the product and look at the sell by date the product when fresh is incredibly yummy settle for nothing less than fresh fresh fresh
467663,2,Negative,Positive,Positive,Positive,"This last batch of 24 cans was different in texture and quality. Not flakes, more like mush. My cat doesn't like it anymore.<br />My cat loves this flaked fish, and fish is the first ingredient. Sometimes local stores are out of this product. Also this is a great price.",this last batch of 24 cans was different in texture and quality not flakes more like mush my cat does not like it anymore my cat loves this flaked fish and fish is the first ingredient sometimes local stores are out of this product also this is a great price
93079,3,Neutral,Positive,Positive,Positive,"So, this isn't amazing gourmet food, but you wouldn't be picking this up if you were looking for gourmet.  It's fast, it's easy, it's what you turn to when you're home from work late and you need to cook up something in a hurry without having to think creatively.<br /><br />I'm not going to lie, I love ""cheese-product.""  I'm a lover of real cheese too, but there's a special place in my heart for processed liquidy cheese-flavored food stuffs. They should really get a category of its own (powdered cheese product, nacho queso, and Velveeta all fall into this delightful category of cheese based non-cheeses.)  Anyway, I love Velveeta piping hot and poured over broccoli, but if you've ever eaten Velveeta and let it cool, you're familiar with the plastic-like texture the Velveta takes on.  It's the same here - you have to eat this meal while it's HOT.  Otherwise, don't bother.  Leftovers are good too - just be sure to nuke it to as hot as you can get it.<br /><br />The instructions call for one breast of chicken.  I feed hungry people, so I added two.  The dehydrated broccoli packet was disappointing, so I also added a fresh head of broccoli to the skillet a little earlier so it could steam in the water.  This was a great move - the fresh broccoli REALLY improves the dinner kit, but it's fine without it.  The pasta to chicken/broccoli ratio was a little low because of my additions, but the pasta is like an orzo anyway, so I didn't mind it.<br /><br />Would I eat this once a week?  Probably not.  Would I buy this again?  Probably - it's like keeping a can of pasta sauce in your pantry.  When you have time, it's the best to just make a simple pasta sauce from scratch, but there are days when there is JUST NO TIME... so... this is another pasta-sauce-from-a-jar-spaghetti-night alternative.",so this is not amazing gourmet food but you would not be picking this up if you were looking for gourmet it is fast it is easy it is what you turn to when you are home from work late and you need to cook up something in a hurry without having to think creatively i am not going to lie i love cheese product i am a lover of real cheese too but there s a special place in my heart for processed liquidy cheese flavored food stuffs they should really get a category of its own powdered cheese product nacho queso and velveeta all fall into this delightful category of cheese based non cheeses anyway i love velveeta piping hot and poured over broccoli but if you have ever eaten velveeta and let it cool you are familiar with the plastic like texture the velveta takes on it is the same here you have to eat this meal while it is hot otherwise do not bother leftovers are good too just be sure to nuke it to as hot as you can get it the instructions call for one breast of chicken i feed hungry people so i added two the dehydrated broccoli packet was disappointing so i also added a fresh head of broccoli to the skillet a little earlier so it could steam in the water this was a great move the fresh broccoli really improves the dinner kit but it is fine without it the pasta to chicken broccoli ratio was a little low because of my additions but the pasta is like an orzo anyway so i did not mind it would i eat this once a week probably not would i buy this again probably it is like keeping a can of pasta sauce in your pantry when you have time it is the best to just make a simple pasta sauce from scratch but there are days when there is just no time so this is another pasta sauce from a jar spaghetti night alternative
497257,4,Positive,Neutral,Positive,Neutral,"This flavor reminds me of kool-aid or vitamin water.  The flavor is sweet, but light in the sense that it's not overly syrup-y.  I don't mind the artificial sweetener or flavors, so that's not an issue for me, and I didn't notice any bad aftertaste.  When you just don't feel like plain water, using this is cheaper than buying separate bottles of flavored water.",this flavor reminds me of kool aid or vitamin water the flavor is sweet but light in the sense that it is not overly syrup y i do not mind the artificial sweetener or flavors so that is not an issue for me and i did not notice any bad aftertaste when you just do not feel like plain water using this is cheaper than buying separate bottles of flavored water
437301,1,Negative,Positive,Positive,Positive,These are available for much less at our local grocer.<br />Seems like purchasing volume would make this a better deal.,these are available for much less at our local grocer seems like purchasing volume would make this a better deal
555491,3,Neutral,Negative,Negative,Negative,After reading previous reveiws on this product I was more than excited to try it. I love Italian food and this seemed like a great fast meal option for me. I followed the directions as indicated on the box and even after 15 minutes they were still a little hard. The color of the cheese inside the pasta looked a borwnish orange color and I was expecting white since it supposedly contains parmesan cheese. Not to mention that it didn't taste like parmesan cheese. I wouldn't buy it again.,after reading previous reveiws on this product i was more than excited to try it i love italian food and this seemed like a great fast meal option for me i followed the directions as indicated on the box and even after 15 minutes they were still a little hard the color of the cheese inside the pasta looked a borwnish orange color and i was expecting white since it supposedly contains parmesan cheese not to mention that it did not taste like parmesan cheese i would not buy it again
326173,1,Negative,Positive,Positive,Negative,"This is high quality curry for next to nothing. Three pounds for the price of four little bottles. I go through a pound a month. To preserve freshness keep it in the refrigerator.<br /><br /> 8/5/2011 Update: This has been out of stock for quite awhile. Glad to see it's back,  I've since tried Marshal Creek and Sun brand. Neither came close. All the rest were way too expensive.<br /><br />5/22/2012 Update: A different company bought the brand and completely changed the formula (the lable is the same but without ""D&D Gold Product""). There is so much very hot chili pepper mixed in that it completely overwhelms the curry. More than two tbsp of curry in two gallons of vegetable soup makes it so hot it's nearly inedible. Too bad! This used to be really good curry. I can't recommend it anymore.",this is high quality curry for next to nothing three pounds for the price of four little bottles i go through a pound a month to preserve freshness keep it in the refrigerator 8 5 2011 update this has been out of stock for quite awhile glad to see it is back i have since tried marshal creek and sun brand neither came close all the rest were way too expensive 5 22 2012 update a different company bought the brand and completely changed the formula the lable is the same but without d d gold product there is so much very hot chili pepper mixed in that it completely overwhelms the curry more than two tbsp of curry in two gallons of vegetable soup makes it so hot it is nearly inedible too bad this used to be really good curry i cannot recommend it anymore
378562,2,Negative,Neutral,Positive,Negative,"It's just not all that great. My 2 steaks were completely different sizes and I fixed the smaller one for myself and my father for lunch. For what I got, I paid too much. Knowing how to shop for meat and hitting sales at the local stores can yield better quality for a cheaper price. If the bigger steak turns out to be the bee's knees, I will update this review.<br /><br />I wanted to try some prime beef, if this is prime, then I am better off eating choice for half the cost.<br /><br />I won't likely buy again.<br /><br />EDIT: so I weighed the other bigger steak and it came out to weigh right around 24 ounces, I don't have a digital scale, so I guess you can give or take a few ounces on that. The smaller steak was easily half the size of this one, so I am feeling pretty cheated. I had originally rated this a 3 and I am going to reduce that to a 2. The steak I have eaten wasn't spoiled and it wasn't a bad steak, just not worth the price at all.",it is just not all that great my 2 steaks were completely different sizes and i fixed the smaller one for myself and my father for lunch for what i got i paid too much knowing how to shop for meat and hitting sales at the local stores can yield better quality for a cheaper price if the bigger steak turns out to be the bee s knees i will update this review i wanted to try some prime beef if this is prime then i am better off eating choice for half the cost i will not likely buy again edit so i weighed the other bigger steak and it came out to weigh right around 24 ounces i do not have a digital scale so i guess you can give or take a few ounces on that the smaller steak was easily half the size of this one so i am feeling pretty cheated i had originally rated this a 3 and i am going to reduce that to a 2 the steak i have eaten was not spoiled and it was not a bad steak just not worth the price at all
64450,3,Neutral,Positive,Positive,Positive,"This is a classic mustard that is OUTSTANDING. I bought the 4 pack figuring it would last me many years in baked beans, egg salads, etc. However, the expiration date on the items was less than 6 months from my purchase date. I've resorted to giving the mustard away.<br /><br />I'm sticking with Penzey's for spices. This purchase was just wasteful.",this is a classic mustard that is outstanding i bought the 4 pack figuring it would last me many years in baked beans egg salads etc however the expiration date on the items was less than 6 months from my purchase date i have resorted to giving the mustard away i am sticking with penzey s for spices this purchase was just wasteful
37309,3,Neutral,Positive,Positive,Positive,"This is a very pleasant green tea. The cinnamon is fairly dominant but counterbalanced quite well by the green tea flavor, even though Stash did use cinnamon oil.<br /><br />I was a little scared about the cinnamon after my unpleasant experience with Stash's Organic Chai Black & Green Tea, which was ruined by too much cinnamon oil.<br /><br />After I use up these six boxes I do not know if I will purchase anymore Stash tea.<br /><br />Stash needs to hold off on using the spice oils (especially the cinnamon), even though it isn't so offensive in this particular tea, they could still tone it down a bit more.",this is a very pleasant green tea the cinnamon is fairly dominant but counterbalanced quite well by the green tea flavor even though stash did use cinnamon oil i was a little scared about the cinnamon after my unpleasant experience with stash s organic chai black green tea which was ruined by too much cinnamon oil after i use up these six boxes i do not know if i will purchase anymore stash tea stash needs to hold off on using the spice oils especially the cinnamon even though it is not so offensive in this particular tea they could still tone it down a bit more
55866,3,Neutral,Positive,Positive,Positive,Brown Rice flavor is strong but I'd prefer more balance between the intensity of the green tea and rice.  Lacking in green tea strength.,brown rice flavor is strong but i would prefer more balance between the intensity of the green tea and rice lacking in green tea strength
299114,3,Neutral,Positive,Positive,Neutral,"packaging was nice and the fruit selection was also good but i didn't like how they dry the fruits, for me, i like it more dried. like dried mangoes, the fruits here where to wet for me, others might like it but if you're like me, might wanna try just one bag first.",packaging was nice and the fruit selection was also good but i did not like how they dry the fruits for me i like it more dried like dried mangoes the fruits here where to wet for me others might like it but if you are like me might wanna try just one bag first
451752,4,Positive,Neutral,Positive,Neutral,"These are pretty good, I like Cherry more.  Taste is individual.  What I do not like is that over the years the individual unit size has become smaller, while the count remains the same.  This is an old marketing tactic, I'd rather that the products stay the same size and that the Companies charge a higher price.<br /><br />This particular provider will be a favorite of yours, IF you like a VERY SLOW DELIVERY!!  They took much more time than expected.  I will try to avoid them.",these are pretty good i like cherry more taste is individual what i do not like is that over the years the individual unit size has become smaller while the count remains the same this is an old marketing tactic i would rather that the products stay the same size and that the companies charge a higher price this particular provider will be a favorite of yours if you like a very slow delivery they took much more time than expected i will try to avoid them
558741,5,Positive,Negative,Negative,Negative,"I was rather floored when I received this ""cube"". I guess I was expecting something else????? It is very good soy sauce!",i was rather floored when i received this cube i guess i was expecting something else it is very good soy sauce
185699,3,Neutral,Negative,Positive,Negative,"I avoid glutinous grains and corn, but enjoy eating brown rice. I had an allergic reaction to these rice cakes. I wasn't sure what could've caused it. I contacted Lundberg and found out that they process the rice cakes on the same equipment they use for their other products that contain corn. I think I may have also reacted to the flavorings they use in the other rice cakes. I will not buy again.",i avoid glutinous grains and corn but enjoy eating brown rice i had an allergic reaction to these rice cakes i was not sure what could ve caused it i contacted lundberg and found out that they process the rice cakes on the same equipment they use for their other products that contain corn i think i may have also reacted to the flavorings they use in the other rice cakes i will not buy again
200182,4,Positive,Neutral,Positive,Neutral,"I still like the old dove better but this one is ok.I like this one better though: http://www.amazon.com/gp/product/B004L5M0OE/ref=oh_details_o04_s00_i01<br />But again, everyone has different opinion..",i still like the old dove better but this one is ok i like this one better though but again everyone has different opinion
20219,3,Neutral,Negative,Negative,Negative,The caramels arrived quickly but were not soft when unwrapped.  It seems like they were not fresh.  I was disappointed and would not have bought them if I had known they would not be fresh.,the caramels arrived quickly but were not soft when unwrapped it seems like they were not fresh i was disappointed and would not have bought them if i had known they would not be fresh
160590,3,Neutral,Negative,Negative,Negative,"The taste of the pies not as good as I hoped for, really not worth the very expensive shipping cost, also when I got the pies they only had a few days before expiration  date!!",the taste of the pies not as good as i hoped for really not worth the very expensive shipping cost also when i got the pies they only had a few days before expiration date
330488,2,Negative,Positive,Positive,Positive,Got twelve boxes for a great deal plus free shipping so that alone was worth it. Tastes okay. Gets too mushy very easily if overcooked even slightly. Better to go au dante with this product. Perfect economic side dish for chicken breast. Not for a high class meal.,got twelve boxes for a great deal plus free shipping so that alone was worth it tastes okay gets too mushy very easily if overcooked even slightly better to go au dante with this product perfect economic side dish for chicken breast not for a high class meal
107078,1,Negative,Neutral,Positive,Neutral,"I ordered these because my dogs like crunchy banana chips. The picture makes these look crunchy and light yellow. What I received was dark brown, squishy banana chips. The expiration was fine. I just want everyone to know that they are not the yellow, crunchy ones.",i ordered these because my dogs like crunchy banana chips the picture makes these look crunchy and light yellow what i received was dark brown squishy banana chips the expiration was fine i just want everyone to know that they are not the yellow crunchy ones
538355,3,Neutral,Negative,Positive,Negative,"This didn't taste like either of the Earl Grey teas I love, namely Twinnings and Bigelow.  The bergamot flavor is extremely mild, to say the least, but the fragrance of the brewed tea smells a bit like perfumed soap--not tea.",this did not taste like either of the earl grey teas i love namely twinnings and bigelow the bergamot flavor is extremely mild to say the least but the fragrance of the brewed tea smells a bit like perfumed soap not tea
113834,1,Negative,Positive,Negative,Positive,"I've tried many bags of Goji Berries from different companies.  Some are good and some are not so good.  I later found out that the Goji Berries from China are not the best quality.  So, I found a brand that said that they are the ""authentic Tibetan Goji Berries"" at my local health food Co-Op.  Although they were expensive, they were good.  I later bought another brand at the 2007 Raw Spirit Festival in Sedona, AZ.  They were the best that I ever had, soft and delicious.<br /><br />When I saw that there were some inexpensive authentic organic Tibetan Goji Berries on Amazon, I became excited.  I made the purchase and couldn't wait to get them.  When I received them and tried them I was very disappointed.  They are the hardest, driest, discolored, worst tasting Goji Berries that I ever had.  I immediately felt that I was sold and inferior product in a nice bag.  These Goji Berries have a bad taste and have sediment on them as if they were not clean.  I called the company to inquire about the origin.  Of course they did say that they are authentic Tibetan Goji Berries.  I just don't believe them.  There were two bags that came with my order.  The second bag remains unopened and will probably eventually get tossed.",i have tried many bags of goji berries from different companies some are good and some are not so good i later found out that the goji berries from china are not the best quality so i found a brand that said that they are the authentic tibetan goji berries at my local health food co op although they were expensive they were good i later bought another brand at the 2007 raw spirit festival in sedona az they were the best that i ever had soft and delicious when i saw that there were some inexpensive authentic organic tibetan goji berries on amazon i became excited i made the purchase and could not wait to get them when i received them and tried them i was very disappointed they are the hardest driest discolored worst tasting goji berries that i ever had i immediately felt that i was sold and inferior product in a nice bag these goji berries have a bad taste and have sediment on them as if they were not clean i called the company to inquire about the origin of course they did say that they are authentic tibetan goji berries i just do not believe them there were two bags that came with my order the second bag remains unopened and will probably eventually get tossed
262105,3,Neutral,Positive,Positive,Neutral,The curry tastes decent but is not great. Nothing special compared to the local brands you get in the stores. Buy this only if you like your stuff delivered to your door.,the curry tastes decent but is not great nothing special compared to the local brands you get in the stores buy this only if you like your stuff delivered to your door
380985,2,Negative,Positive,Positive,Positive,I was surprised with the unanimous good rating of this product. Guests at our inn thought this is strictly a cereal for very young children. We were surprised that the cereal mix had a large percentage of corn flakes!!,i was surprised with the unanimous good rating of this product guests at our inn thought this is strictly a cereal for very young children we were surprised that the cereal mix had a large percentage of corn flakes
446692,3,Neutral,Negative,Positive,Negative,"I have had this brand before with no issues.  When i recv'd this box I was mmm its really smaller, Well the container says on it 40% less sodium than our ""bowl"" size.. This cup is 40% LESS in size than other soups made by the same company.. If you want less quantity ..order this one..<br /><br />****UPDATE***UPDATE**May 27 2012<br /><br />THE TASTE IS AWFULL  STAY AWAY",i have had this brand before with no issues when i recv d this box i was mmm its really smaller well the container says on it 40 less sodium than our bowl size this cup is 40 less in size than other soups made by the same company if you want less quantity order this one update update may 27 2012 the taste is awfull stay away
378916,3,Neutral,Negative,Positive,Positive,"Well, THIS was a one shot deal! I won't order these again because there are a couple of issues with freshness and flavor that will never allow this coffee to taste as rich and full bodied as say Tully's decaf French Roast.<br />First.. they are not true K cups but instead a little filtered nugged with a foil top. The coffee comes through so much more quickly than in the K cup with a small pierced bottom so I feel there is no time for the water to sit and brew to develop any flavor.<br />Second.. of course it smells great when you cut open the cellophane packaging inside the box but I'm sure that the cost of that burst of aroma will be lost flavor unless repackaged into a locking container or baggie.<br />There is no cost break to make any of these concessions worthwhile, in my eyes. And that taste of the first cup did not wow me at all.. mediocre at best. As often is the case, the aroma was better than the flavor, which was watery and not syrupy or complex or rich at all. All in all, just a disappointment and one time mistake :(<br />Certainly was NOT worthy of the anticipation of being on a waiting list.  Nice name, not so good tasting in the cup though.  Don't be tempted it's not worth it. Better to stay with any of the other, better, bold decafs offered here.",well this was a one shot deal i will not order these again because there are a couple of issues with freshness and flavor that will never allow this coffee to taste as rich and full bodied as say tully s decaf french roast first they are not true k cups but instead a little filtered nugged with a foil top the coffee comes through so much more quickly than in the k cup with a small pierced bottom so i feel there is no time for the water to sit and brew to develop any flavor second of course it smells great when you cut open the cellophane packaging inside the box but i am sure that the cost of that burst of aroma will be lost flavor unless repackaged into a locking container or baggie there is no cost break to make any of these concessions worthwhile in my eyes and that taste of the first cup did not wow me at all mediocre at best as often is the case the aroma was better than the flavor which was watery and not syrupy or complex or rich at all all in all just a disappointment and one time mistake certainly was not worthy of the anticipation of being on a waiting list nice name not so good tasting in the cup though do not be tempted it is not worth it better to stay with any of the other better bold decafs offered here
223025,3,Neutral,Positive,Positive,Negative,"I wasn't sure what to expect with this product. I can't disagree with the name. It is mostly water with just a hint of a coconut flavor. It is not sweet like a juice. It is not like coconut milk.<br />What was surprizing, is the amount of carbohrdrates (according to the package label). Not as much as a sugar sweetened soft drink or a juice, but much higher than water or a diet beverage.",i was not sure what to expect with this product i cannot disagree with the name it is mostly water with just a hint of a coconut flavor it is not sweet like a juice it is not like coconut milk what was surprizing is the amount of carbohrdrates according to the package label not as much as a sugar sweetened soft drink or a juice but much higher than water or a diet beverage
6758,2,Negative,Positive,Positive,Positive,"I did not find this drink anything special in terms of taste; it is orange juice infused with carbonation. The juice is quite acidic and you don't feel that there is 100% fruit juice. The drink comes in cans rather than glass bottle which would have helped the drink maintain the juicy taste longer. It does not have any preservatives and it is gluten free, no sugar and no artificial flavors. This drink doesn't have any special features and it doesn't stand out well in a market crowded with many drinks.<br /><br />1. <a href=""http://www.amazon.com/gp/product/B0014WYXQK"">IZZE Fortified Sparkling Juice, Pomegranate, 8.4-Ounce Cans (Pack of 24)</a><br />2. <a href=""http://www.amazon.com/gp/product/B000Q3ECXM"">Minute Maid Mixed Berry Juice, 24 - 10 fl oz Bottles, 240 fl oz</a><br />3. Cal Valls Certified Organic Juices - Clementine (24 fluid ounce) by igourmet.com",i did not find this drink anything special in terms of taste it is orange juice infused with carbonation the juice is quite acidic and you do not feel that there is 100 fruit juice the drink comes in cans rather than glass bottle which would have helped the drink maintain the juicy taste longer it does not have any preservatives and it is gluten free no sugar and no artificial flavors this drink does not have any special features and it does not stand out well in a market crowded with many drinks 1 izze fortified sparkling juice pomegranate 8 4 ounce cans pack of 24 2 minute maid mixed berry juice 24 10 fl oz bottles 240 fl oz 3 cal valls certified organic juices clementine 24 fluid ounce by igourmet com
92347,1,Negative,Positive,Positive,Negative,I found this coffee too bitter and strong.  It was described as mild but I did not find it so.,i found this coffee too bitter and strong it was described as mild but i did not find it so
133866,2,Negative,Positive,Positive,Positive,"I had tasted the chocolate flavor at a tea I went to, and loved it. The tea I ordered from Amazon had a funny taste, and did not meet my expectations.",i had tasted the chocolate flavor at a tea i went to and loved it the tea i ordered from amazon had a funny taste and did not meet my expectations
176926,2,Negative,Positive,Positive,Negative,"Hi!<br /><br />I'm easy to please when it comes to chili. I've enjoyed everything from cartons of Wendy's fast food chili to home-made gourmet vegetarian chili. In fact: until now, I thought it was near to impossible for me to be unsatisfied by anything even approximating a chili. This afternoon, I was craving a bowl but also felt to lazy to make up a batch of my own. As I've been pleased by many Amy's products in the past, I thought I'd spring for a can of spicy Amy's chili. Well, that was a mistake! I was grossly unsatisfied by a chili. Its spicy and also sweet, and not much else. The only reason that I finished my bowl was because I hate throwing food away. I'm starting to think that sugar is the secret ingredient in a lot of Amy's products (at least with this chili and a lot of their soups: especially tomato), and given the nature of the product I find that deeply frustrating! Obviously I am in the minority by disliking this chili, given the many positive reviews, but you may not want to buy a lot of it until you know you like it!<br /><br />Best regards,<br />Ryan",hi i am easy to please when it comes to chili i have enjoyed everything from cartons of wendy s fast food chili to home made gourmet vegetarian chili in fact until now i thought it was near to impossible for me to be unsatisfied by anything even approximating a chili this afternoon i was craving a bowl but also felt to lazy to make up a batch of my own as i have been pleased by many amy s products in the past i thought i would spring for a can of spicy amy s chili well that was a mistake i was grossly unsatisfied by a chili its spicy and also sweet and not much else the only reason that i finished my bowl was because i hate throwing food away i am starting to think that sugar is the secret ingredient in a lot of amy s products at least with this chili and a lot of their soups especially tomato and given the nature of the product i find that deeply frustrating obviously i am in the minority by disliking this chili given the many positive reviews but you may not want to buy a lot of it until you know you like it best regards ryan
130923,2,Negative,Positive,Positive,Positive,"I bought the chocolate infusion. I mixed it with organic whole milk, not using the full 10 ounces, and thought it was pretty drink-able. Not amazingly chocolate-y, but enough that I could chug it without feeling too ""healthy"". Definitely not something I'd savor though.<br /><br />It did mix up pretty smooth, with little of the clumps that just won't die and had a good texture.<br /><br />All the reviews I read said that they felt energized and full for a long time after they drank it. I drank it at about 2pm and didn't feel particularly full afterwards and now at near 4pm I'm feeling positively hungry. Meal replacement? Perhaps not.<br /><br />Also, I'm still feeling really sleepy so that whole energizing thing? Nah.<br /><br />Noting, a lot of the reviews I read were done around 2009 and were done with free samples. I'm wondering how much of their glowing reviews was based off of psychosomatic happy feelings on getting a relatively good tasting drink to experiment with, how much of it was due to them being people who were already pretty healthy to begin with ( also known as the raw/vegan/scary type who CAN easily subsist off of meal replacement shakes) and how much of it was that Amazing Grass had a better product back then and has since declined in quality.<br /><br />Not to be cynical, but I've noticed that the first year or so of a company putting out a product, they tend to have amazing stuff, and then it usually goes downhill after that. And then there are the others that get bought out and just suck after that. Naked Juice, Burt's Bees, I'm looking straight at you.<br /><br />Meh. I guess I'll finish this container since I already paid for it, but I doubt I'll be back for more.",i bought the chocolate infusion i mixed it with organic whole milk not using the full 10 ounces and thought it was pretty drink able not amazingly chocolate y but enough that i could chug it without feeling too healthy definitely not something i would savor though it did mix up pretty smooth with little of the clumps that just will not die and had a good texture all the reviews i read said that they felt energized and full for a long time after they drank it i drank it at about 2pm and did not feel particularly full afterwards and now at near 4pm i am feeling positively hungry meal replacement perhaps not also i am still feeling really sleepy so that whole energizing thing nah noting a lot of the reviews i read were done around 2009 and were done with free samples i am wondering how much of their glowing reviews was based off of psychosomatic happy feelings on getting a relatively good tasting drink to experiment with how much of it was due to them being people who were already pretty healthy to begin with also known as the raw vegan scary type who can easily subsist off of meal replacement shakes and how much of it was that amazing grass had a better product back then and has since declined in quality not to be cynical but i have noticed that the first year or so of a company putting out a product they tend to have amazing stuff and then it usually goes downhill after that and then there are the others that get bought out and just suck after that naked juice burt s bees i am looking straight at you meh i guess i will finish this container since i already paid for it but i doubt i will be back for more
34001,2,Negative,Positive,Neutral,Positive,"I bought this tea at my health food store because I thought it looked interesting. The name and the description really pulled me in, as well as the picture on the box. At first I was confused as to what the taste reminded me of, but then I realized it reminded me of pink Necco mints. I don't drink sugar in tea, but I think if I did and I had put some in this tea it would've made it overbearing. However, after drinking this tea once every day for a week or so, I'm finding it to be almost like a chore. I love the health benefits and this tea has actually helped me feel pretty good after drinking a cup, but the taste is becoming a bit overbearing. As I mentioned early in my review, the taste is reminiscent of pink Necco mints (minus the mint part, of course) but it can be hard for me to get through a cup of it because after awhile that Necco taste begins to remind me more and more of chalk. Yes, it definitely has a chalky flavor. I will still continue to drink this tea until the box is gone but I don't think I'll be buying any more of it unless it has some sort of miraculous effect on me later on down the box. Still, it was worth a try because it was nice at first.",i bought this tea at my health food store because i thought it looked interesting the name and the description really pulled me in as well as the picture on the box at first i was confused as to what the taste reminded me of but then i realized it reminded me of pink necco mints i do not drink sugar in tea but i think if i did and i had put some in this tea it would ve made it overbearing however after drinking this tea once every day for a week or so i am finding it to be almost like a chore i love the health benefits and this tea has actually helped me feel pretty good after drinking a cup but the taste is becoming a bit overbearing as i mentioned early in my review the taste is reminiscent of pink necco mints minus the mint part of course but it can be hard for me to get through a cup of it because after awhile that necco taste begins to remind me more and more of chalk yes it definitely has a chalky flavor i will still continue to drink this tea until the box is gone but i do not think i will be buying any more of it unless it has some sort of miraculous effect on me later on down the box still it was worth a try because it was nice at first
273537,3,Neutral,Negative,Positive,Negative,"These Wolfgang Puck coffee pods are not for K-Cups, if you search under K-Cups these will show up but are for other pod brewers, not Keurig.",these wolfgang puck coffee pods are not for k cups if you search under k cups these will show up but are for other pod brewers not keurig
169939,1,Negative,Positive,Positive,Positive,"These plants are tiny! About two inches tall. Not sure any of them will survive. This plant grows very slowly, so it will take years for it to grow before I could harvest the leaves for cooking. One of the plants arrived damaged - leaves were black. I ordered one for myself and one for my friend as a present. What a dissapointment. In addition, they charged me for shipping for two plants separately (and the shipping is expensive), but the plants arrived in one box.",these plants are tiny about two inches tall not sure any of them will survive this plant grows very slowly so it will take years for it to grow before i could harvest the leaves for cooking one of the plants arrived damaged leaves were black i ordered one for myself and one for my friend as a present what a dissapointment in addition they charged me for shipping for two plants separately and the shipping is expensive but the plants arrived in one box
124732,2,Negative,Positive,Positive,Positive,"This Extra Strength product is much cheaper than even Regular Strength 5 Hour Power brand, but in my opinion tastes a lot more bitter and has a lot less caffeine. I gave it a try and went back to Regular Strength 5 Hour Power brand, because I didn't feel anything when I drank these.  The name brand costs more, but tastes better and has more caffeine.",this extra strength product is much cheaper than even regular strength 5 hour power brand but in my opinion tastes a lot more bitter and has a lot less caffeine i gave it a try and went back to regular strength 5 hour power brand because i did not feel anything when i drank these the name brand costs more but tastes better and has more caffeine
387919,3,Neutral,Positive,Positive,Positive,"I decided to try this long-term to really see if my hair felt more 'nourished' in the end. Well, it doesn't. The price is great, the conditioner smells awesome, the bottle is fancy...but it left my hair feeling kind of gunkier than my normal conditioner. After a few WEEKS of use I'd say my hair is no better off and the color seems a little flatter. I'll stick with my normal conditioner (<a href=""http://www.amazon.com/gp/product/B000V9RRD8"">Tresemme Vitamin E Moisture Rich Conditioner, 32 Ounce</a> which is AWESOME and leaves my hair as soft as a baby's hair! Plus, it's more affordable for a huge bottle.",i decided to try this long term to really see if my hair felt more nourished in the end well it does not the price is great the conditioner smells awesome the bottle is fancy but it left my hair feeling kind of gunkier than my normal conditioner after a few weeks of use i would say my hair is no better off and the color seems a little flatter i will stick with my normal conditioner tresemme vitamin e moisture rich conditioner 32 ounce which is awesome and leaves my hair as soft as a baby s hair plus it is more affordable for a huge bottle
517221,3,Neutral,Positive,Positive,Positive,"Ok, but certainly need to add some fresh items to make this good. Try with chicken OR shrimp, egg, peanuts, and fresh cilantro.",ok but certainly need to add some fresh items to make this good try with chicken or shrimp egg peanuts and fresh cilantro
69070,3,Neutral,Positive,Positive,Positive,"This isn't my favorite flavor, but still pretty good. Larabar is an awesome product. Minimal ingredients and raw. We keep them stocked.",this is not my favorite flavor but still pretty good larabar is an awesome product minimal ingredients and raw we keep them stocked
158560,3,Neutral,Positive,Positive,Positive,"i bought the toffee flavor and i love it, so i decided to try french vanilla because it got so many raving reviews. you have to put a lot of powder to get it to taste like anything, i actually don't like it too much, something about it makes it taste funny. i prefer the toffee almond flavor and the vanilla latte more.",i bought the toffee flavor and i love it so i decided to try french vanilla because it got so many raving reviews you have to put a lot of powder to get it to taste like anything i actually do not like it too much something about it makes it taste funny i prefer the toffee almond flavor and the vanilla latte more
438684,3,Neutral,Negative,Negative,Negative,I expected more K-cups not sure why. The value just wasn't worth it and 90% of the box was Dunkin Donuts. I expected a better selection. I was buy through keurig.com from now on.,i expected more k cups not sure why the value just was not worth it and 90 of the box was dunkin donuts i expected a better selection i was buy through keurig com from now on
372351,2,Negative,Positive,Positive,Positive,Sent this to my son because his name is Cameron...went to his house and had a cup of the coffee and did not like it.,sent this to my son because his name is cameron went to his house and had a cup of the coffee and did not like it
6522,3,Neutral,Negative,Positive,Positive,I love Community Coffee but the batch I received of the Special Decaf was old the bags had lost their vacuum packed state.,i love community coffee but the batch i received of the special decaf was old the bags had lost their vacuum packed state
136682,2,Negative,Neutral,Positive,Neutral,"Good taste, but I had to cook the noodles 5 min longer to get them even close to an edible softness.",good taste but i had to cook the noodles 5 min longer to get them even close to an edible softness
460394,4,Positive,Negative,Negative,Negative,"Just purchased my first bottle (chilled from local Duane Reade) and all I can say is ...IT TASTES LIKE WATER. Yes, the dark color is off-putting but taste-wise it was normal as compared to water-cooler water.<br />I wish it was less costly...won't be drinking 3/day, but that's only due to price.<br />I've read the negative reviews with fascination because my experience is the opposite.",just purchased my first bottle chilled from local duane reade and all i can say is it tastes like water yes the dark color is off putting but taste wise it was normal as compared to water cooler water i wish it was less costly will not be drinking 3 day but that is only due to price i have read the negative reviews with fascination because my experience is the opposite
497397,3,Neutral,Negative,Positive,Negative,"What ever happen to TUNA in the can. SOLID use to mean SOLID. WHITE use to mean WHITE. The cans are smaller the price is more expensive. My biggest complaint is the ADDITIVES. Soy proteins or something has been added, you can't just drain the water off anymore. You have to rinse and rinse and when you done you have a miserable mess of NOT SOLID, NOT VERY WHITE tuna. This brand is not as bad as COS or STARKIST. I am going to try a natural Tongol tuna next time. A little more expensive but ......... hopefully better that this.",what ever happen to tuna in the can solid use to mean solid white use to mean white the cans are smaller the price is more expensive my biggest complaint is the additives soy proteins or something has been added you cannot just drain the water off anymore you have to rinse and rinse and when you done you have a miserable mess of not solid not very white tuna this brand is not as bad as cos or starkist i am going to try a natural tongol tuna next time a little more expensive but hopefully better that this
182539,3,Neutral,Positive,Positive,Positive,"The product here is called ""cinnamon oat clusters"", but in reality it's just granola in a bit of a fancy form. According to the ingrediants list, it's not only oats but also rice, buckwheat, and some other stuff, plus flax seed. It also uses cane juice and molassesm as sweeteners, with no artificial crap (though does have added vitemin e).<br /><br />So it's pretty healthy, reletively speaking. Still, it's food and taste is what matters -- and on that note it's pretty average. It's a nice mix of sweet and oaty, and I admit I wouldn't have trouble eating it as a long term minching snack. At the same time, though, nothing about it particularly stands out. Combined with the fact that it costs over 50 cents an oz, pretty high for a simple snack food, it's not something I could recommend unless you're a complete health nut.",the product here is called cinnamon oat clusters but in reality it is just granola in a bit of a fancy form according to the ingrediants list it is not only oats but also rice buckwheat and some other stuff plus flax seed it also uses cane juice and molassesm as sweeteners with no artificial crap though does have added vitemin e so it is pretty healthy reletively speaking still it is food and taste is what matters and on that note it is pretty average it is a nice mix of sweet and oaty and i admit i would not have trouble eating it as a long term minching snack at the same time though nothing about it particularly stands out combined with the fact that it costs over 50 cents an oz pretty high for a simple snack food it is not something i could recommend unless you are a complete health nut
422597,3,Neutral,Positive,Positive,Negative,I really enjoy certain flavors of these and some of the others I dont quit mind they are very bitter tasting,i really enjoy certain flavors of these and some of the others i dont quit mind they are very bitter tasting
423723,3,Neutral,Positive,Positive,Positive,"This chili tastes pretty good, but I really like my chili thicker.  I can let that go as I know that that adds calories, but at 250 calories/cup watch the amount of cheese you add.  I just feel like for that many calories, it should be a bit thicker.  It is pretty tasty though and I love that it's low in sodium.",this chili tastes pretty good but i really like my chili thicker i can let that go as i know that that adds calories but at 250 calories cup watch the amount of cheese you add i just feel like for that many calories it should be a bit thicker it is pretty tasty though and i love that it is low in sodium
410952,4,Positive,Neutral,Neutral,Neutral,"I'm giving these a slightly less than perfect rating simply because they aren't as good as the original Shrimp Flavored Chips (without Wasabi). The wasabi is kinda weak - I was hoping for something that would take my breath away like real wasabi - but the flavor is there - just not as much kick as I was hoping for. I think if they made the commitment to stronger wasabi, it would have been a 5-star product. Nevertheless, they are really good.",i am giving these a slightly less than perfect rating simply because they are not as good as the original shrimp flavored chips without wasabi the wasabi is kinda weak i was hoping for something that would take my breath away like real wasabi but the flavor is there just not as much kick as i was hoping for i think if they made the commitment to stronger wasabi it would have been a 5 star product nevertheless they are really good
162123,2,Negative,Neutral,Positive,Neutral,"I want to preface this review and say that if you want a really healthy alternative to pasta then you may want to try these. My husband really likes using these for a zero calorie option. I, on the other hand, will not eat them. They still have a fishy type taste and the texture is very different. No matter how we prepare them I can still taste the weirdness and would rather have the calories from real pasta. My husband has an easier time getting over the taste and taking them for what they are. For health nuts who can't or won't eat real pasta this would be a good product to try and see if its something that you enjoy.",i want to preface this review and say that if you want a really healthy alternative to pasta then you may want to try these my husband really likes using these for a zero calorie option i on the other hand will not eat them they still have a fishy type taste and the texture is very different no matter how we prepare them i can still taste the weirdness and would rather have the calories from real pasta my husband has an easier time getting over the taste and taking them for what they are for health nuts who cannot or will not eat real pasta this would be a good product to try and see if its something that you enjoy
84469,3,Neutral,Positive,Positive,Positive,"Recently diagnosed with celiac disease. Bought these at a grocery store, but the ginger flavor is very strong. The tecture is good, though.",recently diagnosed with celiac disease bought these at a grocery store but the ginger flavor is very strong the tecture is good though
10005,1,Negative,Positive,Positive,Positive,"We breastfeed our month old boy, but since his bilirubin level was still high, doctors recommended to switch to formula for 48 hours. We started with Similac Advance (Shield Plus) which we still had from hospital. First 24 hours were wonderful in terms of pooping, then we decided to switch to Similac Organic for known reasons, but during the first 32-Ounce Bottle I began to notice that his stool was getting harder, and eventually he stopped pooing (actually he produced two stone-ball like poops) and had a hard time for another 24 hours. Breast milk and Similac advance tested similarly sweet, but Similac Organic was much much less sweet. I made a research on the internet and I found the following that may help you to understand the cause of constipation: (http://www.drhull.com/EncyMaster/C/constipation_infant.html)<br /><br />Constipation means infrequent, hard stools. It does not mean grunting or straining, although your baby may certainly exhibit these behaviors when having a bowel movement. So the first question to ask is, ""Is my child really constipated?""<br /><br />Next, consider why true constipation - excessively hard, dry stools - arises. The normal function of the colon is to remove water from the stool. Otherwise we would rapidly dehydrate and die. That is why severe diarrhea is dangerous - the stool is moving through the colon and being expelled from the body so fast, there is no time to properly reabsorb the stool water back into the bloodstream.<br /><br />Conversely, if the fecal material remains in the colon too long, the water removal process may extract too much of the fecal water and leave the stool mass excessively dry and hard. It is just that simple.<br /><br />So constipation arises when feces remain in the colon too long because:<br /><br />  * the colon is naturally sluggish (has decreased ""motility,"" we say)<br />  * a low residue diet produces insufficient stimulation to the colon to trigger its normal propulsive activity and clear out the feces<br />  * a combination of the above two factors<br />  * there is obstruction of the lower GI tract<br />  o functional neurologic - the lower rectum and anus cannot properly relax to allow evacuation - Hirschprung disease<br />  o functional anatomic - anal-rectal positioning doesn't allow easy evacuation<br />  o mechanical - a tumor physically blocks stool passage<br /><br />Breast fed babies are essentially never truly constipated. This is because breast milk is such a low residue diet. Almost all of the milk is absorbed by the baby and used. The stools consist of a small amount of unabsorbed protein curds and a large amount of bowel secretions, chiefly mucus. And of course a lot of noisy gas. But these infrequent stools do not indicate constipation - just infrequent stools.<br /><br />Later, when breast feeding infants start solids, they technically can become constipated, but it is unusual in my experience. It is not until the child is pretty much on solids and especially when weaned to whole cow milk that constipation is much of an issue. By then we are really discussing toddlers.<br /><br />Breast fed infants do tend to save up after the first few months and poop less often. This worries some parents. Despite reassurances to the contrary, some folks just have to see a poop every day from their little darling to be happy and fulfilled. Go figure. They forget that stool can stay in the colon for a very, very long time and it will not hurt anything.<br /><br />When the stool hoarding breast feeder does finally get ready to go, another problem comes to the fore: grunting and straining. When the baby's rectum forms in utero, it is in a state of permanent contraction for nigh onto nine months. The baby does not pass the meconium (fetal stool) in utero until perhaps right at the end of gestation right before, during or after delivery. Until the baby is several months old, and has passed and been stretched by quite a few bowel movements, the rectum and particularly the anus may be quite tight and resist easy dilation to allow the stool to pass. Because the baby has weak, flabby abdominal musculature (that is why his little tummy is so poochy), he must push against this tight anal spincter with his diaphragm. Just as Mom pushed during delivery, and with seemingly equal discomfort. Hence the grunting and red-faced straining.<br /><br />  The other major problem of both breast or bottle fed newborns which creates this sort of straining is dyschezia, or uncoordinated stooling.<br /><br />The cure for the problem of a tight anus is pretty simple: a gentle rectal exam with a well-lubricated pinky finger by the doctor (which should be done on all babies with stooling troubles anyway to rule out a physical obstruction) will be both diagnostic and curative. If one such gentle dilation doesn't do the trick, I have Mom bring the baby back in a week and repeat the procedure. The anal spincter is stretched, and pretty soon, no more terrible straining.<br />Top<br /><br />Bottle fed infants are ""a whole 'nother story."" Infant formulas are not nearly as well digested as breast milk, and leave quite a bit more residue in the colon. (The exception to this rule in my mind is the new Similac® that really does seem to leave the stools about the same consistency as breast milk.) So true constipation in bottle fed infants is much more common; my feeling is that soy formulas are even worse than cow milk based formulas in this regard.<br /><br />The young infant's colon is simply not designed for all the residue and stool bulk. The residue builds up, is dried too much, and becomes hard, pebbly stool. It is naturally difficult and uncomfortable for the baby to pass.<br /><br />The addition of cereal to the diet only compounds whatever problems already exist. Cereal + milk = concrete. Cereal in the formula bottle seems to be especially bad, probably because parents don't realise just how much cereal the baby is getting.<br />Top<br /><br />Treatment of constipation mainly involves common sense diet modifications and sometimes medication:<br /><br />  * Again, as with breast fed babies, a search for the cause of the constipation and gentle rectal exam can work wonders.<br />  * I use a lot of Karo® corn syrup for bottle feeders with constipation. It is my first choice recomendation; it almost always works if used properly. Unfortunately, many doctors and nurses don't use it properly, get poor results, and don't recommend it as often as they should. I start with two measuring teaspoons in every formula bottle, regardless of size, and adjust the dose up or down depending on how things are going. Usually, the baby can be weaned off the Karo pretty soon, but may need to stay on it periodically for the first few months of life. It is very important to put the corn syrup in the formula and not give it in between in water. The excess corn syrup does not get digested very well - the baby is already digesting all the sugar he can from the formula. The excess sugar passes down to the colon and produces a sugar diarrhea similar to sorbitol (as below, prunes, apple juice).<br /><br />  Before scolding me about ""the risk of botulism"" from corn syrup, please see:<br /><br />  Clinical Pediatric Emergency Medicine, Volume 4,Number 3,September 2003: ""Pediatric neurologic potpourri: cases to remember""<br /><br />  ""In the past, C. botulinum was also found in corn syrup, but this is no longer a risk factor for infant botulism because of a recent change in the processing formula.""<br /><br />  For the complete source of statement, see: Olsen SJ, Swerdlow DL. Risk of infant botulism from corn syrup. In reply. Pediatr Infect Dis J 2000;19:584-5.<br /><br />  * Certain fruits and juices - for example prunes, apple juice, apricots - are rich in sorbitol, a nondigestible sugar that passes through the body to the colon and causes water to be retained or drawn into the stool mass. They can be increased in the diet to loosen the stool and relieve or prevent constipation.<br />  * Lactulose is a non-absorbable sugar product that is processed by colon bacteria to produce an inflow of water into the stool mass. We use it a lot - it seems to be a favorite of our local pediatric gastroenterologists. The dose is adjusted up or down according to respose. Side effects are usually not serious but can include cramping or diarrhea - obviously, stop the medicine and call your doctor if these occur.<br />  * Glycerine suppositories are helpful to relieve your child if there is some hard stool that just won't come out easily. The suppository melts in the heat of the rectum and lubricates the stool. Glycerine also has a mild effect of attracting water into the stool, which softens it. The act of insertion also serves to stimulate the rectum and anus to initiate the defecation reflex. (Glycerine is completely safe - it is a food, found in candy, not a drug.)<br />  * Fiber containing foods are helpful for older children and adults, but are not really of much use in the treatment of young infant constipation, for dietary reasons: babies just don't eat a lot of fiber. (I believe ISoyalac®, which was a high fiber soy formula, has been discontinued. It was never very available any place I practiced, anyway.)<br /><br />Top<br /><br />Myths and misconceptions concerning infant constipation:<br /><br />  * Iron in the formula causes constipation. No way. I can understand lay people thinking this to be the case because when adults take iron preparations (in large doses) they may become constipated. But the tiny amount present in infant formula is not nearly enough to cause any problems.<br /><br />  The irritating thing to me is to hear doctors and nurses who should know better repeating this nonsense and switching the infants to the less healthy low- or no-iron formulas.<br /><br />  * Increasing water in the diet is commonly recommended; it makes very little sense and demonstrates a failure to reflect on the basic physiologic cause of the overdry stool. The problem is too little water retention in the stool, not too little water in the body! Unless there is increased fiber or some chemical substance such as a sugar (Karo®, lactulose) to retain the water in the stool, excess water will simply wind up in the diaper as urine.<br /><br />Top",we breastfeed our month old boy but since his bilirubin level was still high doctors recommended to switch to formula for 48 hours we started with similac advance shield plus which we still had from hospital first 24 hours were wonderful in terms of pooping then we decided to switch to similac organic for known reasons but during the first 32 ounce bottle i began to notice that his stool was getting harder and eventually he stopped pooing actually he produced two stone ball like poops and had a hard time for another 24 hours breast milk and similac advance tested similarly sweet but similac organic was much much less sweet i made a research on the internet and i found the following that may help you to understand the cause of constipation constipation means infrequent hard stools it does not mean grunting or straining although your baby may certainly exhibit these behaviors when having a bowel movement so the first question to ask is is my child really constipated next consider why true constipation excessively hard dry stools arises the normal function of the colon is to remove water from the stool otherwise we would rapidly dehydrate and die that is why severe diarrhea is dangerous the stool is moving through the colon and being expelled from the body so fast there is no time to properly reabsorb the stool water back into the bloodstream conversely if the fecal material remains in the colon too long the water removal process may extract too much of the fecal water and leave the stool mass excessively dry and hard it is just that simple so constipation arises when feces remain in the colon too long because the colon is naturally sluggish has decreased motility we say a low residue diet produces insufficient stimulation to the colon to trigger its normal propulsive activity and clear out the feces a combination of the above two factors there is obstruction of the lower gi tract o functional neurologic the lower rectum and anus cannot properly relax to allow evacuation hirschprung disease o functional anatomic anal rectal positioning does not allow easy evacuation o mechanical a tumor physically blocks stool passage breast fed babies are essentially never truly constipated this is because breast milk is such a low residue diet almost all of the milk is absorbed by the baby and used the stools consist of a small amount of unabsorbed protein curds and a large amount of bowel secretions chiefly mucus and of course a lot of noisy gas but these infrequent stools do not indicate constipation just infrequent stools later when breast feeding infants start solids they technically can become constipated but it is unusual in my experience it is not until the child is pretty much on solids and especially when weaned to whole cow milk that constipation is much of an issue by then we are really discussing toddlers breast fed infants do tend to save up after the first few months and poop less often this worries some parents despite reassurances to the contrary some folks just have to see a poop every day from their little darling to be happy and fulfilled go figure they forget that stool can stay in the colon for a very very long time and it will not hurt anything when the stool hoarding breast feeder does finally get ready to go another problem comes to the fore grunting and straining when the baby s rectum forms in utero it is in a state of permanent contraction for nigh onto nine months the baby does not pass the meconium fetal stool in utero until perhaps right at the end of gestation right before during or after delivery until the baby is several months old and has passed and been stretched by quite a few bowel movements the rectum and particularly the anus may be quite tight and resist easy dilation to allow the stool to pass because the baby has weak flabby abdominal musculature that is why his little tummy is so poochy he must push against this tight anal spincter with his diaphragm just as mom pushed during delivery and with seemingly equal discomfort hence the grunting and red faced straining the other major problem of both breast or bottle fed newborns which creates this sort of straining is dyschezia or uncoordinated stooling the cure for the problem of a tight anus is pretty simple a gentle rectal exam with a well lubricated pinky finger by the doctor which should be done on all babies with stooling troubles anyway to rule out a physical obstruction will be both diagnostic and curative if one such gentle dilation does not do the trick i have mom bring the baby back in a week and repeat the procedure the anal spincter is stretched and pretty soon no more terrible straining top bottle fed infants are a whole nother story infant formulas are not nearly as well digested as breast milk and leave quite a bit more residue in the colon the exception to this rule in my mind is the new similac that really does seem to leave the stools about the same consistency as breast milk so true constipation in bottle fed infants is much more common my feeling is that soy formulas are even worse than cow milk based formulas in this regard the young infant s colon is simply not designed for all the residue and stool bulk the residue builds up is dried too much and becomes hard pebbly stool it is naturally difficult and uncomfortable for the baby to pass the addition of cereal to the diet only compounds whatever problems already exist cereal milk concrete cereal in the formula bottle seems to be especially bad probably because parents do not realise just how much cereal the baby is getting top treatment of constipation mainly involves common sense diet modifications and sometimes medication again as with breast fed babies a search for the cause of the constipation and gentle rectal exam can work wonders i use a lot of karo corn syrup for bottle feeders with constipation it is my first choice recomendation it almost always works if used properly unfortunately many doctors and nurses do not use it properly get poor results and do not recommend it as often as they should i start with two measuring teaspoons in every formula bottle regardless of size and adjust the dose up or down depending on how things are going usually the baby can be weaned off the karo pretty soon but may need to stay on it periodically for the first few months of life it is very important to put the corn syrup in the formula and not give it in between in water the excess corn syrup does not get digested very well the baby is already digesting all the sugar he can from the formula the excess sugar passes down to the colon and produces a sugar diarrhea similar to sorbitol as below prunes apple juice before scolding me about the risk of botulism from corn syrup please see clinical pediatric emergency medicine volume 4 number 3 september 2003 pediatric neurologic potpourri cases to remember in the past c botulinum was also found in corn syrup but this is no longer a risk factor for infant botulism because of a recent change in the processing formula for the complete source of statement see olsen sj swerdlow dl risk of infant botulism from corn syrup in reply pediatr infect dis j 2000 19 584 5 certain fruits and juices for example prunes apple juice apricots are rich in sorbitol a nondigestible sugar that passes through the body to the colon and causes water to be retained or drawn into the stool mass they can be increased in the diet to loosen the stool and relieve or prevent constipation lactulose is a non absorbable sugar product that is processed by colon bacteria to produce an inflow of water into the stool mass we use it a lot it seems to be a favorite of our local pediatric gastroenterologists the dose is adjusted up or down according to respose side effects are usually not serious but can include cramping or diarrhea obviously stop the medicine and call your doctor if these occur glycerine suppositories are helpful to relieve your child if there is some hard stool that just will not come out easily the suppository melts in the heat of the rectum and lubricates the stool glycerine also has a mild effect of attracting water into the stool which softens it the act of insertion also serves to stimulate the rectum and anus to initiate the defecation reflex glycerine is completely safe it is a food found in candy not a drug fiber containing foods are helpful for older children and adults but are not really of much use in the treatment of young infant constipation for dietary reasons babies just do not eat a lot of fiber i believe isoyalac which was a high fiber soy formula has been discontinued it was never very available any place i practiced anyway top myths and misconceptions concerning infant constipation iron in the formula causes constipation no way i can understand lay people thinking this to be the case because when adults take iron preparations in large doses they may become constipated but the tiny amount present in infant formula is not nearly enough to cause any problems the irritating thing to me is to hear doctors and nurses who should know better repeating this nonsense and switching the infants to the less healthy low or no iron formulas increasing water in the diet is commonly recommended it makes very little sense and demonstrates a failure to reflect on the basic physiologic cause of the overdry stool the problem is too little water retention in the stool not too little water in the body unless there is increased fiber or some chemical substance such as a sugar karo lactulose to retain the water in the stool excess water will simply wind up in the diaper as urine top
23198,3,Neutral,Positive,Positive,Positive,"First off, I am a Dunkin Donuts coffee guy.  I like it the best out of major brands, either from the local franchise (cream and sugar) or made at home (black).  Dunkin Donuts' coffee is not for everyone, as it has a heavily roasted taste.  At work, we purchase Starbucks Sumatra from the local coffee delivery distributor (it's actually cheaper than DD or other brands!).  Starbucks House Blend used to be what we bought, but everyone in the office (myself included) felt it was one of the most acidic coffees to drink.  Their Sumatra is stronger but less acidic.  I'm no coffee expert, but the last couple years has definitely opened my eyes to the nuances of coffee flavor.  With that experience, I was interested to try this product.<br /><br />The flavor, off the bat, is certainly less acidic.  I drank it black, as I don't typically add anything to my coffee.  It has a fuller coffee taste than many decafs I've tried, but there is a bit of a dull taste to it.  I made it at home, and have a very clean coffee maker, but it was just a little off.  I prefer it to Dunkin decaf, but not by much.  If you require a non-decaf coffee with low acid, this is a fine choice.  It may improve with sugar or creamer too.  There may be better choices out there for this type of product, or coffees which are full flavor but less acidic.  I am not extremely sensitive to the acid content in coffee, but if you are, this should be a good choice for you.",first off i am a dunkin donuts coffee guy i like it the best out of major brands either from the local franchise cream and sugar or made at home black dunkin donuts coffee is not for everyone as it has a heavily roasted taste at work we purchase starbucks sumatra from the local coffee delivery distributor it is actually cheaper than dd or other brands starbucks house blend used to be what we bought but everyone in the office myself included felt it was one of the most acidic coffees to drink their sumatra is stronger but less acidic i am no coffee expert but the last couple years has definitely opened my eyes to the nuances of coffee flavor with that experience i was interested to try this product the flavor off the bat is certainly less acidic i drank it black as i do not typically add anything to my coffee it has a fuller coffee taste than many decafs i have tried but there is a bit of a dull taste to it i made it at home and have a very clean coffee maker but it was just a little off i prefer it to dunkin decaf but not by much if you require a non decaf coffee with low acid this is a fine choice it may improve with sugar or creamer too there may be better choices out there for this type of product or coffees which are full flavor but less acidic i am not extremely sensitive to the acid content in coffee but if you are this should be a good choice for you
202247,1,Negative,Positive,Positive,Positive,"Very thick and heavy stems fill the contents of the bag and its a pain to pick them all out. Going to a different source for calea zacatachichi. They weigh a lot, 5g foliage = 10g stems. Have yet to try it though... it probably works but I will follow up.",very thick and heavy stems fill the contents of the bag and its a pain to pick them all out going to a different source for calea zacatachichi they weigh a lot 5g foliage 10g stems have yet to try it though it probably works but i will follow up
476930,3,Neutral,Positive,Positive,Positive,"I have used this product and same brand that comes in the jars and it is very good to put in my smoothies.  However, this product is vacuumed sealed and it looks like a pain to open, and I do not think the bag is reusable once open. So, I am going to save my jars and store product in those.  i just wish the picture they displayed looked like what I received in the mail!",i have used this product and same brand that comes in the jars and it is very good to put in my smoothies however this product is vacuumed sealed and it looks like a pain to open and i do not think the bag is reusable once open so i am going to save my jars and store product in those i just wish the picture they displayed looked like what i received in the mail
342614,3,Neutral,Positive,Positive,Neutral,"I know it just seems wrong but I bought these to hand out for Halloween. I remember getting these for 10 cents a pack now when you find them they are $1 a pack! After receiving them I decided not to hand out to the trolls on Halloween. I like them fresh and this package was hard,but okay enough to eat.",i know it just seems wrong but i bought these to hand out for halloween i remember getting these for 10 cents a pack now when you find them they are 1 a pack after receiving them i decided not to hand out to the trolls on halloween i like them fresh and this package was hard but okay enough to eat
282000,3,Neutral,Negative,Positive,Negative,"I've been using this for about a week along with the <a href=""http://www.amazon.com/gp/product/B007RTR8T8"">CLEAR SCALP & HAIR BEAUTY Moisturizing Dry Scalp Nourishing Conditioner, 12.7 Fluid Ounce</a>. I have dry, color-treated blonde hair. I've always used moisturizing shampoos and conditioners, thinking my hair was dry, not paying attention to my scalp. My head has been itching less using these products. Other than this, I can't tell much difference in the way my hair looks or behaves. Also, the fragrance is way too strong, but I'm super-sensitive to perfumey scents in products.",i have been using this for about a week along with the clear scalp hair beauty moisturizing dry scalp nourishing conditioner 12 7 fluid ounce i have dry color treated blonde hair i have always used moisturizing shampoos and conditioners thinking my hair was dry not paying attention to my scalp my head has been itching less using these products other than this i cannot tell much difference in the way my hair looks or behaves also the fragrance is way too strong but i am super sensitive to perfumey scents in products
477354,3,Neutral,Positive,Positive,Positive,"The noodles are quite good, but what's up with the packaging?  You fill the cup half way with water, so why does the cup have to be that size?  I know that Dr. McDougall's makes soups in smaller sizes, so it's not like they have to get all new equipment.  Plus, each cup is encased in a stiff paper stock package; such a waste!  The instant soups by this company have no such excess packaging, why do the noodles?",the noodles are quite good but what is up with the packaging you fill the cup half way with water so why does the cup have to be that size i know that dr mcdougall s makes soups in smaller sizes so it is not like they have to get all new equipment plus each cup is encased in a stiff paper stock package such a waste the instant soups by this company have no such excess packaging why do the noodles
116060,3,Neutral,Positive,Positive,Positive,"I buy this only because I have no patience to make the batter myself...it works fine and really good to eat. Problem I have is the price for such a small amount, but otherwise I think this is the best mix I ever had",i buy this only because i have no patience to make the batter myself it works fine and really good to eat problem i have is the price for such a small amount but otherwise i think this is the best mix i ever had
189925,2,Negative,Positive,Positive,Positive,"This is not the same Adams Flea and Tick Dip of days gone by.  The old formula was quite effective and got rid of ticks after 2 dippings on my dog Maggie.  My grandson's dog King is plagued with ticks because of the surrounding area that we live in. He's taken for walks along the street with woods and a lake and gets re-infested quite quickly.  It has helped, but is not 100% effective. Now he scratches all the time and I have ordered some Stop Itch shampoo and conditioner to see if this helps. We even tried AdvanTix that did not help get rid of the ticks either. We shall go back to the Preventic collar. Maybe a bubble suit or space suit would be the solution.  ""White American Eskimo Dog in a Bubble/space suit walks the outer perimeter of Miami Florida along the lake and woods to keep out ticks"".  We use Advantage for fleas and he is flea free 100%.",this is not the same adams flea and tick dip of days gone by the old formula was quite effective and got rid of ticks after 2 dippings on my dog maggie my grandson s dog king is plagued with ticks because of the surrounding area that we live in he is taken for walks along the street with woods and a lake and gets re infested quite quickly it has helped but is not 100 effective now he scratches all the time and i have ordered some stop itch shampoo and conditioner to see if this helps we even tried advantix that did not help get rid of the ticks either we shall go back to the preventic collar maybe a bubble suit or space suit would be the solution white american eskimo dog in a bubble space suit walks the outer perimeter of miami florida along the lake and woods to keep out ticks we use advantage for fleas and he is flea free 100
127953,4,Positive,Negative,Positive,Negative,"Poor packaging, air gets in to the zip lock bags the marshmallows are in.  Fine if you live in Colorado Springs, terrible if you live in Hawaii.  I know because I shipped them to CO Springs when I went to visit (they don't ship to HI), and took them home. The marshmallows all stick together and remoisturize, and while they have the same flavor, they lose that delightful, dehydrated marshmallow texture.",poor packaging air gets in to the zip lock bags the marshmallows are in fine if you live in colorado springs terrible if you live in hawaii i know because i shipped them to co springs when i went to visit they do not ship to hi and took them home the marshmallows all stick together and remoisturize and while they have the same flavor they lose that delightful dehydrated marshmallow texture
125680,3,Neutral,Positive,Positive,Positive,"I bought the 48 count bag for $75.  Upon receiving, I weighed the bag, and it was only 2 lbs.  That's $38 / lb, which is ridiculously expensive.  I will be searching amazon for a little better value on my next bully stick purchase.",i bought the 48 count bag for 75 upon receiving i weighed the bag and it was only 2 lbs that is 38 lb which is ridiculously expensive i will be searching amazon for a little better value on my next bully stick purchase
173024,3,Neutral,Positive,Positive,Positive,"Dear Sirs:<br />My assessment is based on shipping Chipotle Peppers in Adobo I applied and got me instead, chipotle chili sauce.<br />So I can not be fully satisfied.<br />Greetings.",dear sirs my assessment is based on shipping chipotle peppers in adobo i applied and got me instead chipotle chili sauce so i can not be fully satisfied greetings
92026,3,Neutral,Positive,Positive,Positive,"This is your typical 'pasta-in-a-box' meal. Prep is easy, all you add is meat. The flavor was good with minimal cardboard taste. But...it's way too salty. Now I realize that some will love the saltiness, but I don't. Salt messes with my blood pressure and leaves that fresh, too much salt taste in my mouth.",this is your typical pasta in a box meal prep is easy all you add is meat the flavor was good with minimal cardboard taste but it is way too salty now i realize that some will love the saltiness but i do not salt messes with my blood pressure and leaves that fresh too much salt taste in my mouth
42517,3,Neutral,Positive,Positive,Positive,Very dense formula - really have to break it up before feeding the dogs or they cough. Even subscribe and save prices are high compared to buying at local stores,very dense formula really have to break it up before feeding the dogs or they cough even subscribe and save prices are high compared to buying at local stores
74339,3,Neutral,Negative,Negative,Negative,"The sardines arrived well packaged with no defects or dents in the can.  I have been doing sardine taste tests (for no reason really)since I heard sardines from places outside of my region and the states taste much better.  When I opened the can there were two fish, I somehow expected more, but two proved to be enough.  I ate them just as they arrived in the can.  The first taste was typical, stiff and a bit dry.  Then there was this aftertaste that almost tasted of liquid smoke.  The taste lingered and was very unpleasant.  But because I bought them, I finished both fish.  I won't buy again but hey, maybe its just me.",the sardines arrived well packaged with no defects or dents in the can i have been doing sardine taste tests for no reason really since i heard sardines from places outside of my region and the states taste much better when i opened the can there were two fish i somehow expected more but two proved to be enough i ate them just as they arrived in the can the first taste was typical stiff and a bit dry then there was this aftertaste that almost tasted of liquid smoke the taste lingered and was very unpleasant but because i bought them i finished both fish i will not buy again but hey maybe its just me
407898,3,Neutral,Positive,Positive,Positive,"My dogs skin has improved a lot since I switched her to this food. I'm dissappointed in the amount of grains used in it and tomato pomace. Protien amounts are great. For only a few dollars more I can get a grain free salmon dog food made in the usa not by one of these huge dog food companies that tend to have recalls all the time. If your on a strict budget this is a great food for dogs, but I want better for mine so I'm switching to Taste of the Wild dog food.",my dogs skin has improved a lot since i switched her to this food i am dissappointed in the amount of grains used in it and tomato pomace protien amounts are great for only a few dollars more i can get a grain free salmon dog food made in the usa not by one of these huge dog food companies that tend to have recalls all the time if your on a strict budget this is a great food for dogs but i want better for mine so i am switching to taste of the wild dog food
288615,3,Neutral,Positive,Positive,Positive,"This stuff does give you an energy boost and I believe (with proper diet and exercise) it will speed your weight loss.  But, I suggest you get capsules, because this stuff is disgusting otherwise.",this stuff does give you an energy boost and i believe with proper diet and exercise it will speed your weight loss but i suggest you get capsules because this stuff is disgusting otherwise
266575,1,Negative,Positive,Positive,Positive,I've tried this popcorn and it's truly delicious but why is it so expensive.  The price is ridiculous. I would not pay this price for snacking popcorn.,i have tried this popcorn and it is truly delicious but why is it so expensive the price is ridiculous i would not pay this price for snacking popcorn
392787,3,Neutral,Positive,Positive,Positive,Trying to eliminate ground black pepper from my diet. This is very difficult as I have five pepper mills scattered about the kitchen and had to fill most at least once a month. Found I could use long pepper so ordered it from Amazon. It arrived on time and appears to be reasonably priced. Only problem - it is not black pepper. The flavor is in the same ball park and with use it kinda grows on you.,trying to eliminate ground black pepper from my diet this is very difficult as i have five pepper mills scattered about the kitchen and had to fill most at least once a month found i could use long pepper so ordered it from amazon it arrived on time and appears to be reasonably priced only problem it is not black pepper the flavor is in the same ball park and with use it kinda grows on you
153596,3,Neutral,Positive,Positive,Positive,"as far as gluten free products go - these aren't bad.  seems like nothing is really ""good"" so the best you can hope for is not terribly unpalatable.",as far as gluten free products go these are not bad seems like nothing is really good so the best you can hope for is not terribly unpalatable
148619,3,Neutral,Positive,Positive,Positive,"I really like the taste of these -- but that taste comes at the price of a bar that is very high in fat, sugar, and calories.  Each bar contains 220 calories, 110 of which come from fat, and each one also has 12 grams of sugar, which is very high for a bar this size.<br /><br />Also, when my husband tried these, he wasn't too keen on the taste.  When I asked for his opinion on them, he just said that they were ""Meh.""<br /><br />Bottom line?  These are tasty, but certainly should be eaten in moderation.  Since I'm a health nut, I won't be buying these again.",i really like the taste of these but that taste comes at the price of a bar that is very high in fat sugar and calories each bar contains 220 calories 110 of which come from fat and each one also has 12 grams of sugar which is very high for a bar this size also when my husband tried these he was not too keen on the taste when i asked for his opinion on them he just said that they were meh bottom line these are tasty but certainly should be eaten in moderation since i am a health nut i will not be buying these again
199682,3,Neutral,Negative,Neutral,Negative,The coffee flavor was ok but you really couldn't taste any pumpkin.  The coffee was too strong for my taste.,the coffee flavor was ok but you really could not taste any pumpkin the coffee was too strong for my taste
176600,4,Positive,Neutral,Positive,Positive,"was disappointed at the selection of flavors (majority cherry) and some broken pops. This is not to say I wouldn't buy again, just that the assortment was uneven. still delicious.",was disappointed at the selection of flavors majority cherry and some broken pops this is not to say i would not buy again just that the assortment was uneven still delicious
353724,1,Negative,Positive,Positive,Positive,"This drink - when mixed up - looks and smells quite a bit like lemonade. But once you taste it, you'll find this isn't like any lemonade you've had before. The drink is very sweet - too sweet for me. (My family and I drink very few sweet drinks, and rarely buy and soft drinks or mix up Kool-aid-type drinks. While I do this for personal health reasons, I have to be fair and admit that my taste buds do not find very sweet drinks very likeable. So, while I am biased against this type of drink, if you enjoy very sweet drinks, you'll probably find it more to your liking.)<br /><br />When my wife and kids tasted this, they also found it to be too sweet for them. My wife actually dumped out the rest of her drink after one sip and said there was no way she was drinking anything that sweet! We recently also tried the <a href=""http://www.amazon.com/gp/product/B005A1LGIY"">Crystal Light Mocktails Appletini, 1.69-Ounce (Pack of 4)</a>, and we thought that drink was OK - better than this drink. Perhaps the developers at Crystal Light can tone down the sweetness and add in a bit of tartness, instead, and I'd like it better. As it is now, I really can't recommend it to anyone.",this drink when mixed up looks and smells quite a bit like lemonade but once you taste it you will find this is not like any lemonade you have had before the drink is very sweet too sweet for me my family and i drink very few sweet drinks and rarely buy and soft drinks or mix up kool aid type drinks while i do this for personal health reasons i have to be fair and admit that my taste buds do not find very sweet drinks very likeable so while i am biased against this type of drink if you enjoy very sweet drinks you will probably find it more to your liking when my wife and kids tasted this they also found it to be too sweet for them my wife actually dumped out the rest of her drink after one sip and said there was no way she was drinking anything that sweet we recently also tried the crystal light mocktails appletini 1 69 ounce pack of 4 and we thought that drink was ok better than this drink perhaps the developers at crystal light can tone down the sweetness and add in a bit of tartness instead and i would like it better as it is now i really cannot recommend it to anyone
105834,3,Neutral,Positive,Positive,Positive,"I love the taste and texture of these bars; they're sweet, but not overly-sweet and have a satisfying, nutty crunch and just enough chocolate to make them interesting.<br /><br />UNFORTUNATELY, I apparently have a severe negative reaction to the artificial sweetener, maltitol, used in the chocolate coating.  About an hour and a half after eating one, my abdomen puffs up like a balloon filled with air, resulting in a very sore, achy feeling tummy and (excuse me) painful gas that lasts about three hours.<br /><br />Many people have this reaction to maltitol; if you're one of them, you'll have to learn, as I painfully have, to avoid anything that contains this sweetener.<br /><br />Hopefully, the company can make some maltitol-free versions of these bars in the future.",i love the taste and texture of these bars they are sweet but not overly sweet and have a satisfying nutty crunch and just enough chocolate to make them interesting unfortunately i apparently have a severe negative reaction to the artificial sweetener maltitol used in the chocolate coating about an hour and a half after eating one my abdomen puffs up like a balloon filled with air resulting in a very sore achy feeling tummy and excuse me painful gas that lasts about three hours many people have this reaction to maltitol if you are one of them you will have to learn as i painfully have to avoid anything that contains this sweetener hopefully the company can make some maltitol free versions of these bars in the future
306589,3,Neutral,Positive,Positive,Positive,These biscotti had a very nice flavor but could only be eaten dunked.  THey were very very very hard. I gave them to several friends and they all agreed  to hard to chew but tasty if dunked in coffee or tea.,these biscotti had a very nice flavor but could only be eaten dunked they were very very very hard i gave them to several friends and they all agreed to hard to chew but tasty if dunked in coffee or tea
322732,3,Neutral,Positive,Positive,Positive,"These were good, but I would have liked a more even flavor mix. By far the majority of the drops were lemon or lime. Some bags had no orange or grapefruit at all.",these were good but i would have liked a more even flavor mix by far the majority of the drops were lemon or lime some bags had no orange or grapefruit at all
16592,3,Neutral,Positive,Positive,Positive,"This Switch Kiwi Berry drink comes is as great, easy to handle, streamlined candy.  However, it does delivery an intense, fruit, flavor.  Great when you really need a sweet fruit recovery from a hot summer day.  Otherwise, a bit overpowering. A nice treat though.",this switch kiwi berry drink comes is as great easy to handle streamlined candy however it does delivery an intense fruit flavor great when you really need a sweet fruit recovery from a hot summer day otherwise a bit overpowering a nice treat though
252108,3,Neutral,Negative,Positive,Negative,"these cheese straws were not very cheesy and a bit too salty, these cheese straws were not near as good as the traditional cheddar cheese straws that paula Deen has produced",these cheese straws were not very cheesy and a bit too salty these cheese straws were not near as good as the traditional cheddar cheese straws that paula deen has produced
7220,2,Negative,Neutral,Positive,Neutral,The price was comparable to Walmart for same size product.  However these nuts were not as crunchy; and they needed a little more salt.,the price was comparable to walmart for same size product however these nuts were not as crunchy and they needed a little more salt
468175,3,Neutral,Negative,Positive,Negative,"I have tried several other, mostly Italian coffee blends. It's a rather mediocre blend compared to them. It appears to be not very fresh as its aroma is not as intensive as you could expect after opening the box. I wouldn't buy this blend again.",i have tried several other mostly italian coffee blends it is a rather mediocre blend compared to them it appears to be not very fresh as its aroma is not as intensive as you could expect after opening the box i would not buy this blend again
176112,2,Negative,Positive,Negative,Negative,"Nice looking tree that came well protected against shipping damage. Unfortunately, it didn't last and died after a month; it was a gift that was sent with not one, but two books on how to look after bonsai trees! I am no horticulturalist, so I really cannot determine the cause of death, but it seems these trees are not as sturdy as some other plants and trees. Next time I will send a cactus; can't go wrong there!",nice looking tree that came well protected against shipping damage unfortunately it did not last and died after a month it was a gift that was sent with not one but two books on how to look after bonsai trees i am no horticulturalist so i really cannot determine the cause of death but it seems these trees are not as sturdy as some other plants and trees next time i will send a cactus cannot go wrong there
112564,3,Neutral,Positive,Positive,Positive,"I ordered this on one click and I like the product alot, but the shipping and handling for the provider was ridiculous.  Before you order check and make sure the price, including the shipping and handling!, is really the best deal.",i ordered this on one click and i like the product alot but the shipping and handling for the provider was ridiculous before you order check and make sure the price including the shipping and handling is really the best deal
54280,3,Neutral,Positive,Positive,Neutral,"If you like gas station cappuccino, you may like this. Although the Dolce Gusto coffee maker is a great machine, the coffees are all mediocre at best.  This is no exception.",if you like gas station cappuccino you may like this although the dolce gusto coffee maker is a great machine the coffees are all mediocre at best this is no exception
16753,3,Neutral,Positive,Positive,Positive,The Switch Kiwi Berry is a nice refreshing alternative to the typical carbonated soft-drinks on the market.<br /><br />The taste although unusual at first is rather pleasant once you get used to it. I'd describe it as a cross between those Dole Blended juices and soda water. Strange as it sounds it actually tastes good.<br /><br />Although I suppose it's slightly better for you than soda - The Switch doesn't use High-Fructose Corn Syrup - it's still full of calories and carbs.<br /><br />Still for people who generally don't drink soda such as myself but find themselves occasionally craving a carbonated beverage this is a nice alternative.<br /><br />The can is only 8.3 oz. which does make it considerably smaller than a can of soda. As long as you can stick to only drinking one you'll be slightly better off than drinking a typical non-diet soda.,the switch kiwi berry is a nice refreshing alternative to the typical carbonated soft drinks on the market the taste although unusual at first is rather pleasant once you get used to it i would describe it as a cross between those dole blended juices and soda water strange as it sounds it actually tastes good although i suppose it is slightly better for you than soda the switch does not use high fructose corn syrup it is still full of calories and carbs still for people who generally do not drink soda such as myself but find themselves occasionally craving a carbonated beverage this is a nice alternative the can is only 8 3 oz which does make it considerably smaller than a can of soda as long as you can stick to only drinking one you will be slightly better off than drinking a typical non diet soda
297675,3,Neutral,Positive,Positive,Positive,"I decided to try these marshmallows because I make rice cereal treats a lot and I wanted to cut back on my sugar intake.  I used half La Nouba and half regular marshmallows.  The outcome had the same texture as previous treats but were significantly less sweet.  La Nouba has a marshmallow texture and even melts better than regular marshmallows, but the taste is a bit bland.  Since I wasn't blown away with La Nouba, I'll spend my money on something else next time.  If I'm going to pay over $4 for 10 marshmallows they need to tast good.",i decided to try these marshmallows because i make rice cereal treats a lot and i wanted to cut back on my sugar intake i used half la nouba and half regular marshmallows the outcome had the same texture as previous treats but were significantly less sweet la nouba has a marshmallow texture and even melts better than regular marshmallows but the taste is a bit bland since i was not blown away with la nouba i will spend my money on something else next time if i am going to pay over 4 for 10 marshmallows they need to tast good
245440,5,Positive,Negative,Positive,Positive,"The ones at walmart is 2 one half pound cups, this one is 2 1 pound cups, idk why so much bad reviews when they cant read.<br />yes the walmart one is 10 bucks and this one is 25, but this is dubble the candy.",the ones at walmart is 2 one half pound cups this one is 2 1 pound cups idk why so much bad reviews when they cant read yes the walmart one is 10 bucks and this one is 25 but this is dubble the candy
22430,5,Positive,Negative,Negative,Negative,We did not receive our order.  We were informed that it was shipped and then (ONLY)a couple of days later we were informed that it could not be delivered by the shipper.,we did not receive our order we were informed that it was shipped and then only a couple of days later we were informed that it could not be delivered by the shipper
22140,3,Neutral,Negative,Negative,Negative,"I got the large size for my siberian husky. He sniffed around the treat-filled bottle and turned away. I tried to show him how to get the treats out by pulling the rope, rolling the bottle, etc, he watched me doing it, and still not interested in trying for himself. He didn't even try to bite the bottle. He played with normal water bottles for hours but he just don't think this tug-a-jug is worth any attention. Personally I think it's a great idea how they designed the toy, but I just can't get my dog to play with it. Later I introduced this toy to my coworker, who has a little puggle, and he immediately got one. He puggle chewed up the spiked ball on the bottle neck within 5 minutes...so I guess it's not that durable then.",i got the large size for my siberian husky he sniffed around the treat filled bottle and turned away i tried to show him how to get the treats out by pulling the rope rolling the bottle etc he watched me doing it and still not interested in trying for himself he did not even try to bite the bottle he played with normal water bottles for hours but he just do not think this tug a jug is worth any attention personally i think it is a great idea how they designed the toy but i just cannot get my dog to play with it later i introduced this toy to my coworker who has a little puggle and he immediately got one he puggle chewed up the spiked ball on the bottle neck within 5 minutes so i guess it is not that durable then
274596,1,Negative,Positive,Positive,Positive,"I'm an experienced kale chip eater, and usually love them.  And I usually like Indian food.  But I *hate* these Bombay Curry flavor kale chips.  First, I dislike the spicing.  A lot.  I also wasn't a huge fan of the kale itself: the leaves strike me as somewhat small, and there seemed to be a high proportion of spines (which are hard, and not tasty).<br /><br />On the plus side, it was organic kale.  Which is really nice.  I'd probably just look for a different flavor.  I think some of the others are cheaper too, like <a href=""http://www.amazon.com/gp/product/B004T7OVXW"">Rhythm Superfoods Mango Habanero Kale Chips, 2-Ounce (Pack of 4)</a>, which is also available as subscribe & save.  (I've never tried that flavor, but it sure sounds good!!!)<br /><br />Or, try <a href=""http://www.amazon.com/gp/product/B005Y2EKNW"">Kale Krunch, Cheezy Chipotle, 2.2 Oz Organic</a>, which I find is a really good brand, and I find is the best Kale Krunch flavor.",i am an experienced kale chip eater and usually love them and i usually like indian food but i hate these bombay curry flavor kale chips first i dislike the spicing a lot i also was not a huge fan of the kale itself the leaves strike me as somewhat small and there seemed to be a high proportion of spines which are hard and not tasty on the plus side it was organic kale which is really nice i would probably just look for a different flavor i think some of the others are cheaper too like rhythm superfoods mango habanero kale chips 2 ounce pack of 4 which is also available as subscribe save i have never tried that flavor but it sure sounds good or try kale krunch cheezy chipotle 2 2 oz organic which i find is a really good brand and i find is the best kale krunch flavor
99325,2,Negative,Positive,Positive,Positive,"I read all the reviews of this product and couldn't wait to use it. I took it for over a week when my baby started to get extremely fussy. The doctor determined she had colic, changed my diet, added special formula - still was not producing enough breast milk, and took me off all vitamins. After a week, she was becoming our happy baby again. I started taking this product again and within three days she started screaming again. I immediately stopped taking this and within a few days she was back to normal. For some reason this product bothered her stomach. I did not read anything about this in any of the reviews and want to let people know this could happen to them as well.",i read all the reviews of this product and could not wait to use it i took it for over a week when my baby started to get extremely fussy the doctor determined she had colic changed my diet added special formula still was not producing enough breast milk and took me off all vitamins after a week she was becoming our happy baby again i started taking this product again and within three days she started screaming again i immediately stopped taking this and within a few days she was back to normal for some reason this product bothered her stomach i did not read anything about this in any of the reviews and want to let people know this could happen to them as well
521356,4,Positive,Neutral,Neutral,Neutral,"This Blackberry Vanilla Herbal Tea by Lipton makes a very pleasant tea very quickly.  Its list of ingredients are:  Hibiscus, Rosehips, Sweet Blackberry leaves, Natural Flavor, Dried Black Current pieces, Dried Blackberry pieces, Blueberry pieces, Dried raspberry pieces, and Sunflower lecithin.  I like the list of ingredients and like that it has a lot of real dried pieces of real dried fruit to enhance the flavor.  Although the box says that one cup of tea is not a significant source of vitamins, minerals, or nutrients, I notice that many of the ingredients are known for some vitamin C and suspect one is getting some very low dose of good vitamin C and some cofactors for absorbing it (and a little bit of choline from the sunflower lecithin to build a little acetyl choline in the brain).  I assume that the ""natural flavor"" is vanillin, because vanilla is mentioned as a flavor on the package but is not found in its herbal form in the ingredients.  I personally do not like ""natural flavor"" as a ingredient, because MSG can hide under this label.  I do not suspect that MSG is in this brew, but I am never quite sure what is actually hiding behind the label ""natural flavor"" and would rather have a fuller disclosure instead.  I found the taste pleasant and can taste the fruit flavors and the vanillin.  I suspect it would make a good iced tea, but only tasted it as a hot tea.<br /><br />I really liked the pyramid tea bags!  You get 18 of them per a box.  The herbal ingredients, when they are soaked in hot water, weight the pyramid downwards, while the upper part of the pyramid traps some hot air bubbles during brewing.  The result is the pyramid tends to float erect and creates a lot of space for the herbs and the water to mix.  It looks like more of the ingredients are being extracted into the water.  I think that Lipton is really on to something with this kind of tea bag.<br /><br />I found the flavor pleasant and enjoyable.  I usually sweeten my teas with stevia (sugar free naturally sweet healing herb).  There is nothing too earth shaking about the taste, but I did find something I liked about the tea.  It seems to work very well when mixed with other herbal teas and does enhance the flavor of a green tea without overpowering the flavor of green tea.  As a support tea, I found these tea bags to be very good.  By themselves, they are okay.  I realize that some might want to get this tea because it is a no caffeine one, but it does work well with green tea (which is caffeinated).  I found it worked well with some ginger and mint too.<br /><br />All in all, the flavor is pleasant, fruity, and okay by itself, but seems to shine as a support for other teas, especially green tea.  The tea bags seem to really help the brewing process and the fuller use of the ingredients.  I give it 4 stars rather than 5 stars because of using ""natural flavor"" in the ingredients list, rather than detailing out what is really in there.",this blackberry vanilla herbal tea by lipton makes a very pleasant tea very quickly its list of ingredients are hibiscus rosehips sweet blackberry leaves natural flavor dried black current pieces dried blackberry pieces blueberry pieces dried raspberry pieces and sunflower lecithin i like the list of ingredients and like that it has a lot of real dried pieces of real dried fruit to enhance the flavor although the box says that one cup of tea is not a significant source of vitamins minerals or nutrients i notice that many of the ingredients are known for some vitamin c and suspect one is getting some very low dose of good vitamin c and some cofactors for absorbing it and a little bit of choline from the sunflower lecithin to build a little acetyl choline in the brain i assume that the natural flavor is vanillin because vanilla is mentioned as a flavor on the package but is not found in its herbal form in the ingredients i personally do not like natural flavor as a ingredient because msg can hide under this label i do not suspect that msg is in this brew but i am never quite sure what is actually hiding behind the label natural flavor and would rather have a fuller disclosure instead i found the taste pleasant and can taste the fruit flavors and the vanillin i suspect it would make a good iced tea but only tasted it as a hot tea i really liked the pyramid tea bags you get 18 of them per a box the herbal ingredients when they are soaked in hot water weight the pyramid downwards while the upper part of the pyramid traps some hot air bubbles during brewing the result is the pyramid tends to float erect and creates a lot of space for the herbs and the water to mix it looks like more of the ingredients are being extracted into the water i think that lipton is really on to something with this kind of tea bag i found the flavor pleasant and enjoyable i usually sweeten my teas with stevia sugar free naturally sweet healing herb there is nothing too earth shaking about the taste but i did find something i liked about the tea it seems to work very well when mixed with other herbal teas and does enhance the flavor of a green tea without overpowering the flavor of green tea as a support tea i found these tea bags to be very good by themselves they are okay i realize that some might want to get this tea because it is a no caffeine one but it does work well with green tea which is caffeinated i found it worked well with some ginger and mint too all in all the flavor is pleasant fruity and okay by itself but seems to shine as a support for other teas especially green tea the tea bags seem to really help the brewing process and the fuller use of the ingredients i give it 4 stars rather than 5 stars because of using natural flavor in the ingredients list rather than detailing out what is really in there
305979,3,Neutral,Negative,Negative,Neutral,"I really like having miso soup with my lunch at work.  I saw the Hikari Instant Miso Soup, 40 servings, and I thought that this would be a good deal. I like instant miso soup that has the paste and the packet of tofu and dried seaweed better than the powder mix so I was really looking forward to trying this.  Well, I was little disappointed.  The miso has a different taste to it compared to others that I have tasted. It was rather bland, too.  So, overall, this is just okay. I probably won't buy it again.",i really like having miso soup with my lunch at work i saw the hikari instant miso soup 40 servings and i thought that this would be a good deal i like instant miso soup that has the paste and the packet of tofu and dried seaweed better than the powder mix so i was really looking forward to trying this well i was little disappointed the miso has a different taste to it compared to others that i have tasted it was rather bland too so overall this is just okay i probably will not buy it again
319760,3,Neutral,Positive,Positive,Neutral,"I have purchased this product at a much higher price in stores.  I was glad to see it being carried by Amazon at a lower price. I was disappointed in the quality however.  There was at least one ""woody"" palm heart in every can.  I have never had this happen before when I had purchased them locally.  To have an entire case like this was quite an unpleasant surprise! Palm hearts are one of my favorite foods and I will purchase them again, but will probably try another brand.",i have purchased this product at a much higher price in stores i was glad to see it being carried by amazon at a lower price i was disappointed in the quality however there was at least one woody palm heart in every can i have never had this happen before when i had purchased them locally to have an entire case like this was quite an unpleasant surprise palm hearts are one of my favorite foods and i will purchase them again but will probably try another brand
534599,1,Negative,Positive,Positive,Positive,The picture shows 2 bags...to my surprise it was only 1 bag for 6.99! I can get them cheaper than that anywhere!!,the picture shows 2 bags to my surprise it was only 1 bag for 6 99 i can get them cheaper than that anywhere
90757,3,Neutral,Negative,Negative,Negative,Very disappointed.  Item had obviously gotten too hot at some point.  All of the capsules were stuck together.  I had to cut the bottle open to pull the apart.,very disappointed item had obviously gotten too hot at some point all of the capsules were stuck together i had to cut the bottle open to pull the apart
8785,3,Neutral,Negative,Negative,Negative,I bought duck rillettes from Amazon because my usual favorite duck rillette was not carried anymore by chefshop.com. I was expecting a really good rillette. Full flavored rillette. What I got was a rellette that lacked even flavor of duck and herbs/spices. The texture was good however. Tasted more like a pork rillette. I would not recommend Rouge Perigord Duck Rillettes.,i bought duck rillettes from amazon because my usual favorite duck rillette was not carried anymore by chefshop com i was expecting a really good rillette full flavored rillette what i got was a rellette that lacked even flavor of duck and herbs spices the texture was good however tasted more like a pork rillette i would not recommend rouge perigord duck rillettes
44302,3,Neutral,Positive,Positive,Positive,Ok not as good as Starbucks French roast but less expensive. Sprinkled a little cinnamon and added cream. That helped.,ok not as good as starbucks french roast but less expensive sprinkled a little cinnamon and added cream that helped
175949,3,Neutral,Positive,Positive,Positive,"I thought the pickle pops were really nice.  Great after a long hot workout.  However, they were a bit expensive.  I have friends who bought them at Walmart much cheaper.",i thought the pickle pops were really nice great after a long hot workout however they were a bit expensive i have friends who bought them at walmart much cheaper
328171,1,Negative,Positive,Positive,Positive,"Organics consumers should know that Horizon is owned by Dean Foods, at $10 billion of annual sales and controlling about 50 different dairy brands in the country, the largest dairy processor/marketer in the United States.<br /><br />A large percentage of their milk comes from their corporate industrial-scale dairy, with 8000 animals, in the desert-like environment of central Idaho.  They say that 80% of their milk comes from ""family farmers"" but some of those ""farmers"" are also milking thousands of animals.<br /><br />There are serious questions as to whether or not these farms are meeting both the letter and spirit of the organic law.",organics consumers should know that horizon is owned by dean foods at 10 billion of annual sales and controlling about 50 different dairy brands in the country the largest dairy processor marketer in the united states a large percentage of their milk comes from their corporate industrial scale dairy with 8000 animals in the desert like environment of central idaho they say that 80 of their milk comes from family farmers but some of those farmers are also milking thousands of animals there are serious questions as to whether or not these farms are meeting both the letter and spirit of the organic law
376388,1,Negative,Positive,Positive,Positive,This is the most awful french onion soup I have ever tasted.  Since when do you add Cane Sugar to vegetable broth.  I rate this -5 stars,this is the most awful french onion soup i have ever tasted since when do you add cane sugar to vegetable broth i rate this 5 stars
438029,5,Positive,Negative,Positive,Negative,"Love the protein drinks and have reordered twice, however the last shipment had two drinks missing.  These are not cheap drinks so I was not happy abt this. Also the box was wet and maybe someone removed the drinks because of the leaking.  I would like to have the two drinks replaced. Thanks linda",love the protein drinks and have reordered twice however the last shipment had two drinks missing these are not cheap drinks so i was not happy abt this also the box was wet and maybe someone removed the drinks because of the leaking i would like to have the two drinks replaced thanks linda
18055,3,Neutral,Positive,Positive,Positive,"Not good on sandwiches or oatmeal. Good for cooling with.  Don't know if I would buy it again, bit it certainly was interesting.",not good on sandwiches or oatmeal good for cooling with do not know if i would buy it again bit it certainly was interesting
543808,2,Negative,Positive,Positive,Positive,"1.  I'm definitely a fan of the powdered drinks and recently noticed the craze surrounding the concetrated liquid formula.  Bottomline, the taste is fine and I can see the benefit of being able to fine tune the taste for varying sizes of cups / H20.  But, in the end I was put off by the fact that you have to keep this stuff in the fridge and depending on how you squeeze it, it's inevitable that you're going to make a mess here or there.  I think it's much more versatile to utilize the powdered form (at least for me).",1 i am definitely a fan of the powdered drinks and recently noticed the craze surrounding the concetrated liquid formula bottomline the taste is fine and i can see the benefit of being able to fine tune the taste for varying sizes of cups h20 but in the end i was put off by the fact that you have to keep this stuff in the fridge and depending on how you squeeze it it is inevitable that you are going to make a mess here or there i think it is much more versatile to utilize the powdered form at least for me
173623,3,Neutral,Negative,Positive,Negative,"Be warned, your first one you make a face that says it is nasty as all.  After that, the taste grows on you, and is tolerable at best.  I recommend you try other flavors, like cola or orange.  The carbonated flavors are much better tasting and much more refreshing.",be warned your first one you make a face that says it is nasty as all after that the taste grows on you and is tolerable at best i recommend you try other flavors like cola or orange the carbonated flavors are much better tasting and much more refreshing
381782,3,Neutral,Positive,Positive,Positive,"I wish I could buy this tea at a local store. I would drink a ton of it! Unfortunately, this was a splurge. The price of the tea and shipping, which I think was even higher than the cost of the product, will keep me from coming back for more.",i wish i could buy this tea at a local store i would drink a ton of it unfortunately this was a splurge the price of the tea and shipping which i think was even higher than the cost of the product will keep me from coming back for more
252452,2,Negative,Positive,Positive,Positive,"I found these to be tough and not very tasty.  I would recommend Sunsweet dried apricots instead, which are softer and juicier.  Also, I also recommend refrigerating them, as they are much better chilled.  These are still edible, but more so as a topping rather than by themselves as a snack.",i found these to be tough and not very tasty i would recommend sunsweet dried apricots instead which are softer and juicier also i also recommend refrigerating them as they are much better chilled these are still edible but more so as a topping rather than by themselves as a snack
33272,3,Neutral,Positive,Positive,Positive,I did a search on Vegan Gummy Bears and these came up pretty high on the list - they are NOT Vegan. They have gelatin(made from cow or pig hooves) in them.,i did a search on vegan gummy bears and these came up pretty high on the list they are not vegan they have gelatin made from cow or pig hooves in them
185565,1,Negative,Positive,Positive,Positive,"The add is miss leading Numi Tea Aged Puerh Tea Brick, 6 Units 13.2 oz.  The price is next and does not say one unit.  The tea is great the add is miss leading.",the add is miss leading numi tea aged puerh tea brick 6 units 13 2 oz the price is next and does not say one unit the tea is great the add is miss leading
187506,5,Positive,Negative,Positive,Negative,"Medicine tablets and cats never ever mix. The vets making a med tablet should have made it tasting and smelling fish or chicken. Wasted 2 tables of deworming pill tried couple of times by pulverizing 1/4th of the pill w/a mortar and pestle, mixing w/ very high end wet food and even adding tuna fish flakes, but no success. I even tried to starve her just she would eat anything I would serve. I guess Sophie my cat would rather go hungry than eat food laced with medicine. After almost giving up a friend mentioned this to me. I 1st tried to feed her 1 pill pocket w/o a med that worked, then I fed her another pill pocket w/1 pill inside. OMG success! I felt so happy. Plus Amazon's is cheaper than pet store.",medicine tablets and cats never ever mix the vets making a med tablet should have made it tasting and smelling fish or chicken wasted 2 tables of deworming pill tried couple of times by pulverizing 1 4th of the pill w a mortar and pestle mixing w very high end wet food and even adding tuna fish flakes but no success i even tried to starve her just she would eat anything i would serve i guess sophie my cat would rather go hungry than eat food laced with medicine after almost giving up a friend mentioned this to me i 1st tried to feed her 1 pill pocket w o a med that worked then i fed her another pill pocket w 1 pill inside omg success i felt so happy plus amazon s is cheaper than pet store
196222,1,Negative,Neutral,Positive,Neutral,"I have been opening all the little drawers in my mind to try to find the memory of this taste but have struck out. I think it's the faint hint of curry but it really doesn't belong here. I agree that the ""pasta"" isn't bad but it isn't the best GF I've ever had, either. However, the ""sauce"" (if you can call it that) IS gritty and unappealing. I know it isn't supposed to be a gourmet dish but I feel I wasted the money I spent on it.",i have been opening all the little drawers in my mind to try to find the memory of this taste but have struck out i think it is the faint hint of curry but it really does not belong here i agree that the pasta is not bad but it is not the best gf i have ever had either however the sauce if you can call it that is gritty and unappealing i know it is not supposed to be a gourmet dish but i feel i wasted the money i spent on it
382280,3,Neutral,Positive,Positive,Negative,These are my favorite kind of rice pasta. The dehydrated vegetable powder added to the pasta makes the pasta so much more flavorful then the regular kind. A winner! It is now Aug 20th 2012 why is this exact pasta that was already on expensive side over $3 for a small 12 oz package is now over $8. In 4 months the price has almost tripled! I hope this is a horrible mistake! and not some crazy inflation! $7-$8 for rice pasta. Who can afford that?,these are my favorite kind of rice pasta the dehydrated vegetable powder added to the pasta makes the pasta so much more flavorful then the regular kind a winner it is now aug 20th 2012 why is this exact pasta that was already on expensive side over 3 for a small 12 oz package is now over 8 in 4 months the price has almost tripled i hope this is a horrible mistake and not some crazy inflation 7 8 for rice pasta who can afford that
119133,3,Neutral,Positive,Positive,Positive,Since when does two 7 ounce bags equal a pound?<br /><br />Since when does two 7 ounce bags equal a pound?,since when does two 7 ounce bags equal a pound since when does two 7 ounce bags equal a pound
502051,1,Negative,Positive,Negative,Positive,I agree with the previous reviewer who complained about the packaging.  Mine too arrived with the inner plastic bag open.  The rice had taken on the smell of the outer bag and already contained some yellow grains.  They need to fix this packaging before I will buy again.,i agree with the previous reviewer who complained about the packaging mine too arrived with the inner plastic bag open the rice had taken on the smell of the outer bag and already contained some yellow grains they need to fix this packaging before i will buy again
10235,1,Negative,Neutral,Neutral,Neutral,OK but too Salty.  they should make a low sodium version.  The spicy is better.,ok but too salty they should make a low sodium version the spicy is better
520931,4,Positive,Negative,Positive,Negative,"A good value and I loved three of the four choices.  Did NOT, however, like the ""Chun Mee Green"" variety at all.  Wish I could customize the package to get two of one of the others instead.",a good value and i loved three of the four choices did not however like the chun mee green variety at all wish i could customize the package to get two of one of the others instead
321891,1,Negative,Positive,Positive,Positive,"I was really exited to try this and very disappointed when I did. If you're looking for a substitute for Coke you won't find it here with this sickeningly sweet concoction. It might be a halfway decent replacement for Diet Coke or Pepsi as both of those are sweeter than Coke. On the other hand, the watered down nature of the ""cola"" flavor and the speed at which it loses carbonation probably eliminate it from contention for those as well. Very glad I only bought a 6 pack.",i was really exited to try this and very disappointed when i did if you are looking for a substitute for coke you will not find it here with this sickeningly sweet concoction it might be a halfway decent replacement for diet coke or pepsi as both of those are sweeter than coke on the other hand the watered down nature of the cola flavor and the speed at which it loses carbonation probably eliminate it from contention for those as well very glad i only bought a 6 pack
63683,3,Neutral,Negative,Positive,Negative,"This stuff tastes OK, and must be fairly strong in the caffeine department. I drank the small can at about 8:00 PM and had slight trouble getting to sleep around midnight. But then I limit my caffeine intake normally. But under normal circumstances you are not going to catch me spending $1.65 or more per can of this drink. I got better things to do with my money, and it must be a sign of how affluent a country the USA is, even in these supposedly hard times, that people buy products such as this or delivered pizza with enough frequency to keep the companies supplying them afloat. We ought to be paying off our national debt, that burden we show every sign of irresponsibly passing on to our kids and grandkids, instead of buying these luxury products.",this stuff tastes ok and must be fairly strong in the caffeine department i drank the small can at about 8 00 pm and had slight trouble getting to sleep around midnight but then i limit my caffeine intake normally but under normal circumstances you are not going to catch me spending 1 65 or more per can of this drink i got better things to do with my money and it must be a sign of how affluent a country the usa is even in these supposedly hard times that people buy products such as this or delivered pizza with enough frequency to keep the companies supplying them afloat we ought to be paying off our national debt that burden we show every sign of irresponsibly passing on to our kids and grandkids instead of buying these luxury products
396961,5,Positive,Negative,Positive,Positive,"I had this and another brand to make Almond Cloud cookies (King Arthur Flour web site), and what a difference!  This made cookies not only taste much better, but the appearance, etc. was 100%.<br />Will buy nothing else!",i had this and another brand to make almond cloud cookies king arthur flour web site and what a difference this made cookies not only taste much better but the appearance etc was 100 will buy nothing else
320638,3,Neutral,Positive,Positive,Positive,"Tried this, recently, (in all dry flavors) for my German Shepherd Dog. At first, he wouldn't touch it, but after about a week, he decided he absolutely loves it. The biggest problem is within the first month, he had gained 3 pounds, even though he was eating less than the recommended amount and less than he was previously used to eating. Also, he had soft, oily looking stools while eating this. He is an active, very healthy, well-exercised, older dog. He did seem to be more ""chipper"" and health-wise, he seemed to do fine, except for the softer stools and weight gain, but reluctantly, we had to stop feeding this, exclusively, as we were feeding less and less and he was still gaining weight AND seemed hungry all the time, looking for any other food to eat. Since he loves the taste so much, we have decided to give him only a cup or so a day, in his Kong, with his other food or as training treats and have switched him to another food. I'm not sure I agree with the ""good for all life stages"" philosophy either. In the old days, that was what one did, but now that we know much more about nutrition, I believe that different life stages do require different nutrient levels. Much as humans do. Sadly, for our dog, this can not be the only food he eats, but it will remain a part of his daily diet, since he loves it and did well, except for the fat content. Hope this helps!",tried this recently in all dry flavors for my german shepherd dog at first he would not touch it but after about a week he decided he absolutely loves it the biggest problem is within the first month he had gained 3 pounds even though he was eating less than the recommended amount and less than he was previously used to eating also he had soft oily looking stools while eating this he is an active very healthy well exercised older dog he did seem to be more chipper and health wise he seemed to do fine except for the softer stools and weight gain but reluctantly we had to stop feeding this exclusively as we were feeding less and less and he was still gaining weight and seemed hungry all the time looking for any other food to eat since he loves the taste so much we have decided to give him only a cup or so a day in his kong with his other food or as training treats and have switched him to another food i am not sure i agree with the good for all life stages philosophy either in the old days that was what one did but now that we know much more about nutrition i believe that different life stages do require different nutrient levels much as humans do sadly for our dog this can not be the only food he eats but it will remain a part of his daily diet since he loves it and did well except for the fat content hope this helps
17691,2,Negative,Positive,Positive,Positive,"I had been using Green Mountain MILK Hot Chocolate, which is good (my kids love it), but weak for a true chocoholic like myself. I thought since I like dark chocolate in general, I would try the DARK Hot Chocolate. Thankfully, I only bought a small quantity because it has a really nasty after taste to it that lingers. I'm going to stick with my weak milk hot chocolate and just make a smaller cup.",i had been using green mountain milk hot chocolate which is good my kids love it but weak for a true chocoholic like myself i thought since i like dark chocolate in general i would try the dark hot chocolate thankfully i only bought a small quantity because it has a really nasty after taste to it that lingers i am going to stick with my weak milk hot chocolate and just make a smaller cup
339640,3,Neutral,Positive,Positive,Positive,started drinking it in France (menthe-a-lou) and got hooked.  good on ice with some water on a hot summer day.,started drinking it in france menthe a lou and got hooked good on ice with some water on a hot summer day
135766,3,Neutral,Positive,Positive,Positive,"my kids love GoGo Squeez products, but the AppleBanana is not their favorite flavor.  I still buy them for them so they have variety and they do get eaten, just slower than the other flavors.",my kids love gogo squeez products but the applebanana is not their favorite flavor i still buy them for them so they have variety and they do get eaten just slower than the other flavors
433986,2,Negative,Positive,Positive,Positive,"I bought these thinking they would be good for travel (they are), taste good (they don't) and help me get more veggies into my then 9 month old. Well he's 10.5 months now and most of these pouches are still sitting in the kitchen because he wouldn't eat the ones I tried to give him. He's not a particularly picky eater, but with these he clamps his mouth shut tight and turns away!",i bought these thinking they would be good for travel they are taste good they do not and help me get more veggies into my then 9 month old well he is 10 5 months now and most of these pouches are still sitting in the kitchen because he would not eat the ones i tried to give him he is not a particularly picky eater but with these he clamps his mouth shut tight and turns away
396981,5,Positive,Negative,Negative,Negative,"you should prob steer clear if you wanna buy this to smoke...its alright,but not what I was hopeing.<br /><br />this is meant for drinking...",you should prob steer clear if you wanna buy this to smoke its alright but not what i was hopeing this is meant for drinking
548500,3,Neutral,Positive,Positive,Positive,"First of all, the bag this comes in is ginormous. I guess it reflects the fact that the ingredients are very light, so it takes a bunch to reach the 16oz mark. As for the flavor, this is a very enjoyable herbal tea. The aroma if you sniff the inside of the bag will blow you away, as potent as NH3 gas lol. But brewed, the flavors are nicely balanced. And no caffeine... nice for relaxing before bed.",first of all the bag this comes in is ginormous i guess it reflects the fact that the ingredients are very light so it takes a bunch to reach the 16oz mark as for the flavor this is a very enjoyable herbal tea the aroma if you sniff the inside of the bag will blow you away as potent as nh3 gas lol but brewed the flavors are nicely balanced and no caffeine nice for relaxing before bed
65440,2,Negative,Neutral,Positive,Neutral,"I'm a big cashew fan, but was unimpressed by this product. The nuts were fresh, but the seasoning was a bit too heavy-handed - they are very salty and the pepper has more of a bite than I liked.<br /><br />The seasoning gets stronger the lower you get in the can due to it falling off the upper ones and coating the lower ones. While tolerable when first opened, the seasoning becomes way too overpowering once you get half-way down in the can. I found myself putting the nuts in a dish and rolling them around a bit to dislodge some of the seasoning.<br /><br />If you're on a sodium restricted diet (or just want to cut down on sodium) you definitely want to pass on this.<br /><br />If they would dial back the salt by 50% and the pepper by 75%, it would be a great product. As it is right now, however, I'll have to give it only 2 stars.",i am a big cashew fan but was unimpressed by this product the nuts were fresh but the seasoning was a bit too heavy handed they are very salty and the pepper has more of a bite than i liked the seasoning gets stronger the lower you get in the can due to it falling off the upper ones and coating the lower ones while tolerable when first opened the seasoning becomes way too overpowering once you get half way down in the can i found myself putting the nuts in a dish and rolling them around a bit to dislodge some of the seasoning if you are on a sodium restricted diet or just want to cut down on sodium you definitely want to pass on this if they would dial back the salt by 50 and the pepper by 75 it would be a great product as it is right now however i will have to give it only 2 stars
27740,3,Neutral,Positive,Positive,Positive,"its alright, I have had premium white and I will not say this is as good.. its a nice tea but its not as floral as the other whites out there, but its a good affordable white tea and if you love white tea but cannot afford the more expensive blend then this is for you. Also note if your not familiar with white tea it tastes totally different than green tea so if thats what your thinking this is.. your going to be dissapointed. Decent tea tho.",its alright i have had premium white and i will not say this is as good its a nice tea but its not as floral as the other whites out there but its a good affordable white tea and if you love white tea but cannot afford the more expensive blend then this is for you also note if your not familiar with white tea it tastes totally different than green tea so if thats what your thinking this is your going to be dissapointed decent tea tho
387901,3,Neutral,Positive,Positive,Positive,"My gal and I take good care of our hair and mainly use natural hair care products.  Her hair is dry and brittle.  My hair is also dry.  After using her usual <a href=""http://www.amazon.com/gp/product/B003P85MAM"">NaturOli Soap Nuts Natural Shampoo - Organic Hair Care - Sulfate Free! - Ayurvedic Ingredients - Normal to Dry Hair - Unscented - 16oz.</a>; while I used my <a href=""http://www.amazon.com/gp/product/B002LTP8VO"">Johnson's Baby Shampoo 20-Ounce Bottle (Pack of 2)</a>, we applied this <a href=""http://www.amazon.com/gp/product/B007RTR8UW"">CLEAR SCALP & HAIR BEAUTY Strong Lengths Nourishing Conditioner, 12.7 Fluid Ounce</a> (CSH) for about a week.<br /><br />Likes:<br />>Non-greasy with a apple-like scent.<br />>Our usual shampoos and this CSH conditioner left our hair softer and manageable with no scalp irritation but she still prefers her favorite <a href=""http://www.amazon.com/gp/product/B000RL92B0"">Komenuka Bijin Moisturizing Hair Treatment / Conditioner with Natural Rice Bran - 7.7 Fl Oz</a> while I don't feel the need for a conditioner. Tip: our dermatologist has always advised us NOT to use our fingernails vigorously when shampooing hair, always use fingertips gently to avoid scalp damage and to minimize premature hair loss (thinning/balding), and dandruff.  Use common sense.<br />>Hair breakage was already minimized with her prior usage of organic shampoo and conditioner so it's difficult to determine whether the CSH conditioner was effective.<br />>We liked this sample and it's easonably priced at $4.22 with free shipping from Amazon; It's only $4.01 with Amazon's ""Subscribe & Save"".<br /><br />Dislikes:<br />>Even though CSH conditioner has ""Nutrium 10"": ten vitamins and nutrients, there are a whole lot of other artificial ingredients including Zinc Sulfate and Lysine HCL.<br />>The conditioner is only the second step of a four step regimen: cleanse, NOURISH, treat, and repair.  The manufacturer obviously advises using ALL of their products within this system over 7 days for best results.<br />>Scent is ok during use but may smell a bit acrid to others.<br /><br />Overall:<br />My gal still prefers her organic shampoo and conditioner without all those synthetic chemical ingredients.  I still prefer scentless or lightly scented shampoos.  Individuals have different types of hair so shampoo and conditioner preferences are highly subjective.  If one has NO problems/sensitivities with artificial ingredients, then this CSH system is certainly worth a try.",my gal and i take good care of our hair and mainly use natural hair care products her hair is dry and brittle my hair is also dry after using her usual naturoli soap nuts natural shampoo organic hair care sulfate free ayurvedic ingredients normal to dry hair unscented 16oz while i used my johnson s baby shampoo 20 ounce bottle pack of 2 we applied this clear scalp hair beauty strong lengths nourishing conditioner 12 7 fluid ounce csh for about a week likes non greasy with a apple like scent our usual shampoos and this csh conditioner left our hair softer and manageable with no scalp irritation but she still prefers her favorite komenuka bijin moisturizing hair treatment conditioner with natural rice bran 7 7 fl oz while i do not feel the need for a conditioner tip our dermatologist has always advised us not to use our fingernails vigorously when shampooing hair always use fingertips gently to avoid scalp damage and to minimize premature hair loss thinning balding and dandruff use common sense hair breakage was already minimized with her prior usage of organic shampoo and conditioner so it is difficult to determine whether the csh conditioner was effective we liked this sample and it is easonably priced at 4 22 with free shipping from amazon it is only 4 01 with amazon s subscribe save dislikes even though csh conditioner has nutrium 10 ten vitamins and nutrients there are a whole lot of other artificial ingredients including zinc sulfate and lysine hcl the conditioner is only the second step of a four step regimen cleanse nourish treat and repair the manufacturer obviously advises using all of their products within this system over 7 days for best results scent is ok during use but may smell a bit acrid to others overall my gal still prefers her organic shampoo and conditioner without all those synthetic chemical ingredients i still prefer scentless or lightly scented shampoos individuals have different types of hair so shampoo and conditioner preferences are highly subjective if one has no problems sensitivities with artificial ingredients then this csh system is certainly worth a try
196980,3,Neutral,Positive,Positive,Positive,"These trail mix bars are very tasty, crunchy and chewy at the same time, and have natural ingredients.  The only down side is that the fiber is a bit lower than I would have expected.",these trail mix bars are very tasty crunchy and chewy at the same time and have natural ingredients the only down side is that the fiber is a bit lower than i would have expected
200052,3,Neutral,Positive,Positive,Positive,"I just bought this for my dog today, it's been about 3-4 hours and he already has it split in half with just the hooves left. He's a 1 year old 50 pound border collie that LOVES to chew so I was hoping this would last at least a few days but it doesn't seem that way. He absolutely LOVES this, however, since he can go through it within about 5-6 hours I'm giving it a 4 star. Its' definitely durable, he's just VERY aggressive with his chewing. He's still going through his puppy chewing phase so I'm hoping once he's two years he'll calm down with the chewing and I can buy him stuff that will last past a day!<br /><br />EDIT: So I was wrong, it did last a few days. He broke the whole thing down to just the bottom part in a day and then munched on the rest of it for a few days. However, there was a problem unfortunately. He vomited shards of the hoof twice and had blood in his stool. The blood in his stool only happened once so luckily he ended up being fine. I supervised him eating this and didn't notice this breaking up into shards, I must have just missed it. I know someone else who reviewed this had the same thing happen so just watch very closely before giving this to your dog. He absolutely LOVED this and I'm sad he can't have it anymore.",i just bought this for my dog today it is been about 3 4 hours and he already has it split in half with just the hooves left he is a 1 year old 50 pound border collie that loves to chew so i was hoping this would last at least a few days but it does not seem that way he absolutely loves this however since he can go through it within about 5 6 hours i am giving it a 4 star its definitely durable he is just very aggressive with his chewing he is still going through his puppy chewing phase so i am hoping once he is two years he will calm down with the chewing and i can buy him stuff that will last past a day edit so i was wrong it did last a few days he broke the whole thing down to just the bottom part in a day and then munched on the rest of it for a few days however there was a problem unfortunately he vomited shards of the hoof twice and had blood in his stool the blood in his stool only happened once so luckily he ended up being fine i supervised him eating this and did not notice this breaking up into shards i must have just missed it i know someone else who reviewed this had the same thing happen so just watch very closely before giving this to your dog he absolutely loved this and i am sad he cannot have it anymore
558154,3,Neutral,Positive,Negative,Positive,"I am updating my review. Initially, when I opened this bottle and smelled the contents, I was overcome by the extremely strong smell that really discouraged me from allowing my son to use this product on his hair. So, it sat on the bathroom counter. Tonight, my son opened it up again and asked me about it.  I took another whiff...super strong, but not as disturbing as my initial exposure.<br /><br />So, we decided to give this product another chance...<br /><br />I'm giving it 3-stars because it was one of the only 2 CLEAR MEN products (the other was clear sport mint) that didn't leave his straighter hair coarse. I'm still turned-off by the smell and would not be thrilled about him using (what seems to be strong chemicals) long term, but it appears to work better on my teenager's hair than most of the others.",i am updating my review initially when i opened this bottle and smelled the contents i was overcome by the extremely strong smell that really discouraged me from allowing my son to use this product on his hair so it sat on the bathroom counter tonight my son opened it up again and asked me about it i took another whiff super strong but not as disturbing as my initial exposure so we decided to give this product another chance i am giving it 3 stars because it was one of the only 2 clear men products the other was clear sport mint that did not leave his straighter hair coarse i am still turned off by the smell and would not be thrilled about him using what seems to be strong chemicals long term but it appears to work better on my teenager s hair than most of the others
109299,1,Negative,Positive,Positive,Negative,"I don't know if this product really helps production or not, I couldn't drink more than a few sips of the first glass. If you like black licorice or fennel then you will like this tea.",i do not know if this product really helps production or not i could not drink more than a few sips of the first glass if you like black licorice or fennel then you will like this tea
343476,5,Positive,Negative,Negative,Negative,"Monkey enjoys sitting out on the patio during the day, and sometimes evening, but she is averse to having us close the screen door as she is concerned about possible encounters with the gardener or the white cat from next door.  The white cat is recent addition to our neighborhood, and seemed pleasant at first, but then I saw him peeing right in the middle of an agapanthys in the garden, and since then, I dislike him as much as Monkey does.  Since Pocket died, we have not had a flea problem, which is a blessing.  Not Pocket dying because we miss her, even though we no longer have to block access to the pantry with a 5 gallon pail of expired mayonnaise (A national brand, no less, but I won't mention the name as it is known, either East or West of the Rockies) but the part about not having the fleas.  But for some reason, we have had an abundance of black house flies.  I always tell Monkey ""look, you let your big black buddies in again,"" and ""Stop letting your big black buddies in.""  She is not persuaded by this and only rarely seems to patrol the window sills for dying flies like the dog we had when I was little did.  (Dog's name, Princess Leia.)  I bought some kind of insecticide at Big Lots, two kinds, and though one or both actually harness the power to kill houseflies, neither is the light aerosol type that is effective for spraying on flies.  One left a wet mess all over my office, and the other was a white powder which only served to crud up the carpet and attract undesirable teenagers to my apartment.  I recalled that one of my school teachers hanging a jar with a piece of steak in it to catch flies in the goat pens.  Armed with this information, I acquired the Victor M380 Fly Magnet 1-Quart Reusable Trap With Bait.  I was pleased that I did not have to supply my own steak, as I am vegetarian, and would have to have borrowed some from the neighbor.  It is difficult to imagine how I would explain what the piece of steak was for and I am really not certain at all if any of my neighbors would want me to return it when i was done using it.  I mean, I get along with my neighbors really well, including the ones who rent a large Dora The Explorer bouncey house for every imaginable event, and they are rather nice about letting us get in there even after we have had a heavy lunch and it's ill-advised.  (Veggie corn-dogs with relish and lots of cole slaw and grape soda just do not look good painted all over the inside of a bouncey house.  Not even the Spongebob one.)  I carefully read the instructions, and added the recommended amount of water, more or less, with the enclosed packet of fly attractant.  The fly attractant looks a bit like what comes out of a packet of guacamole mix or taco seasoning, but I suspect is freeze dried meat and dog poo, or poo of some sort, perhaps horse or pig.  I hung the jar prominently in the middle of the front garden from the decorative plant hanger that I bought at big lots several years ago, which despite being some sort of sturdy metal when I bought it, has become flimsy with age and bends easily, but not weighed down too much by the fly trap jar.  I thought no more about the trap until my mate mentioned it.  The other morning when I came home from work just after sunrise I stood very close to the trap and looked at the mass of struggling near dead flies bogging themselves down in the mire of poo water now filled with dead comrades.  I stared at it for quite some time, set aglow by the distinct rays of the rising sun.  I stared at it until I was rather tired.  I stared at it until I realized that there is a rather unpleasant looking fungus spreading in the garden, up the bases of the sago palms.  I kicked the fungi around.  I went to bed.  I have considered the humiliation and disgust that someone wold feel if I were to pour the contents of the jar on someone.  I am certain the manufacturers would strongly advise against this.  I am not recommending you do that.  I am recommending the Victor M380 Fly Magnet 1-Quart Reusable Trap With Bait.  It has really cleared up the fly problem in just a matter of a week.  I haven't noticed any odor, but it is in a well ventilated area, and my sense of smell is rather poor owing to a genetic predisposition to sinus allergies.  I have been tested.  I am not allergic to cats.",monkey enjoys sitting out on the patio during the day and sometimes evening but she is averse to having us close the screen door as she is concerned about possible encounters with the gardener or the white cat from next door the white cat is recent addition to our neighborhood and seemed pleasant at first but then i saw him peeing right in the middle of an agapanthys in the garden and since then i dislike him as much as monkey does since pocket died we have not had a flea problem which is a blessing not pocket dying because we miss her even though we no longer have to block access to the pantry with a 5 gallon pail of expired mayonnaise a national brand no less but i will not mention the name as it is known either east or west of the rockies but the part about not having the fleas but for some reason we have had an abundance of black house flies i always tell monkey look you let your big black buddies in again and stop letting your big black buddies in she is not persuaded by this and only rarely seems to patrol the window sills for dying flies like the dog we had when i was little did dog s name princess leia i bought some kind of insecticide at big lots two kinds and though one or both actually harness the power to kill houseflies neither is the light aerosol type that is effective for spraying on flies one left a wet mess all over my office and the other was a white powder which only served to crud up the carpet and attract undesirable teenagers to my apartment i recalled that one of my school teachers hanging a jar with a piece of steak in it to catch flies in the goat pens armed with this information i acquired the victor m380 fly magnet 1 quart reusable trap with bait i was pleased that i did not have to supply my own steak as i am vegetarian and would have to have borrowed some from the neighbor it is difficult to imagine how i would explain what the piece of steak was for and i am really not certain at all if any of my neighbors would want me to return it when i was done using it i mean i get along with my neighbors really well including the ones who rent a large dora the explorer bouncey house for every imaginable event and they are rather nice about letting us get in there even after we have had a heavy lunch and it is ill advised veggie corn dogs with relish and lots of cole slaw and grape soda just do not look good painted all over the inside of a bouncey house not even the spongebob one i carefully read the instructions and added the recommended amount of water more or less with the enclosed packet of fly attractant the fly attractant looks a bit like what comes out of a packet of guacamole mix or taco seasoning but i suspect is freeze dried meat and dog poo or poo of some sort perhaps horse or pig i hung the jar prominently in the middle of the front garden from the decorative plant hanger that i bought at big lots several years ago which despite being some sort of sturdy metal when i bought it has become flimsy with age and bends easily but not weighed down too much by the fly trap jar i thought no more about the trap until my mate mentioned it the other morning when i came home from work just after sunrise i stood very close to the trap and looked at the mass of struggling near dead flies bogging themselves down in the mire of poo water now filled with dead comrades i stared at it for quite some time set aglow by the distinct rays of the rising sun i stared at it until i was rather tired i stared at it until i realized that there is a rather unpleasant looking fungus spreading in the garden up the bases of the sago palms i kicked the fungi around i went to bed i have considered the humiliation and disgust that someone wold feel if i were to pour the contents of the jar on someone i am certain the manufacturers would strongly advise against this i am not recommending you do that i am recommending the victor m380 fly magnet 1 quart reusable trap with bait it has really cleared up the fly problem in just a matter of a week i have not noticed any odor but it is in a well ventilated area and my sense of smell is rather poor owing to a genetic predisposition to sinus allergies i have been tested i am not allergic to cats
103276,1,Negative,Neutral,Positive,Neutral,"I was going to buy the 3 pack Torani Sugar Free Caramel Syrup offer from Amazon, but decided to try one bottle first, from my local grocery store. Glad I did. The reviews are right, not sure how to put it, but the taste is ""off"". Kinda makes my coffee taste like ther're is a chemical in it. Kinda bummed, but glad I did not get 3 bottles! Stick with the sugar free vanilla, it is very good. Ill give another flavor a chance in the future, but Sugar Free Caramel is off the table for me.",i was going to buy the 3 pack torani sugar free caramel syrup offer from amazon but decided to try one bottle first from my local grocery store glad i did the reviews are right not sure how to put it but the taste is off kinda makes my coffee taste like ther re is a chemical in it kinda bummed but glad i did not get 3 bottles stick with the sugar free vanilla it is very good ill give another flavor a chance in the future but sugar free caramel is off the table for me
302720,2,Negative,Positive,Positive,Negative,This product is too weak to really enjoy.  I would like a decaf with the flavor of the wonderful dark roast variety!,this product is too weak to really enjoy i would like a decaf with the flavor of the wonderful dark roast variety
241632,2,Negative,Positive,Positive,Positive,"I bought this formula thinking I'm buying the best for my 8 month old. Even though this wasn't available in the smaller 8oz size which I would have prefered to ensure that my son liked it, I went ahead and bought it since he's not a fussy baby and easily took Similac and Enfamil earlier.<br /><br />I used formula only to supplement breastfeeding and gave about 2-4oz of this daily to my son for 4-5 days. During this time, we noticed that he was very cranky and didn't slepe well, would scream even in his sleep and keep curling up and rolling in bed, sort of banging his face and head on the mattress. I attributed this to teething or constipation. But when over the weekend I did not supplement at all, he was completely fine. Then to test, I gave it to him again after he had been fine for a couple of days and had also pooped well. Even after just 2 oz in the afternoon, he started doing the same thing...screaming, rolling in bed, unable to sleep well.<br /><br />I also read that there is an issue with the way the DHA is obtained, using some toxic chemical, when researching this formula to find if other mom's had seen the same issue with their children. I give it a 2 rating as I don't know if it just didn't suit my child or if there is something not good in the formula.",i bought this formula thinking i am buying the best for my 8 month old even though this was not available in the smaller 8oz size which i would have prefered to ensure that my son liked it i went ahead and bought it since he is not a fussy baby and easily took similac and enfamil earlier i used formula only to supplement breastfeeding and gave about 2 4oz of this daily to my son for 4 5 days during this time we noticed that he was very cranky and did not slepe well would scream even in his sleep and keep curling up and rolling in bed sort of banging his face and head on the mattress i attributed this to teething or constipation but when over the weekend i did not supplement at all he was completely fine then to test i gave it to him again after he had been fine for a couple of days and had also pooped well even after just 2 oz in the afternoon he started doing the same thing screaming rolling in bed unable to sleep well i also read that there is an issue with the way the dha is obtained using some toxic chemical when researching this formula to find if other mom s had seen the same issue with their children i give it a 2 rating as i do not know if it just did not suit my child or if there is something not good in the formula
396641,3,Neutral,Negative,Negative,Negative,"I only purchased this for the HcG diet, I got the whole case of twelve boxes and used only two.  It did the job as in I used it to snack on, but it tasted like I was eating a crunchy cardboard box.  I guess I can feed the rest to the ducks.",i only purchased this for the hcg diet i got the whole case of twelve boxes and used only two it did the job as in i used it to snack on but it tasted like i was eating a crunchy cardboard box i guess i can feed the rest to the ducks
89450,3,Neutral,Negative,Neutral,Negative,"I have tried four flavors of the Izze drinks.  Pomegranate, Blackberry, Apple and Grapefruit.<br /><br />My main interest in the four was the Pomegranate, and it's surprising my least favorite.  First of all, it's bitter, tastes like grapefruit, contains no grapefruit, and their Grapefruit drink is sweeter and more enjoyable.  -- which I would have expected to be my least favorite.<br /><br />I never drink sugar, so Izze is a welcomed beverage alternative to aspartame sodas.<br /><br />All of their drinks have a white grape and apple juice base. And all from concentrate with a slightly sparkling water mix.  Not carbonated, just a little fizz.<br /><br />Slightly on the pricey side, but for pomegranate product, it's acceptable.  But the pomegranate comes after the grape juice, apple, pineapple, lemon and cranberry in the ingredient list.",i have tried four flavors of the izze drinks pomegranate blackberry apple and grapefruit my main interest in the four was the pomegranate and it is surprising my least favorite first of all it is bitter tastes like grapefruit contains no grapefruit and their grapefruit drink is sweeter and more enjoyable which i would have expected to be my least favorite i never drink sugar so izze is a welcomed beverage alternative to aspartame sodas all of their drinks have a white grape and apple juice base and all from concentrate with a slightly sparkling water mix not carbonated just a little fizz slightly on the pricey side but for pomegranate product it is acceptable but the pomegranate comes after the grape juice apple pineapple lemon and cranberry in the ingredient list
230409,3,Neutral,Positive,Positive,Positive,"I make this and the other variety of Lipton superfruit teas into iced tea. I brew them about 4 minutes and they make a light and refreshing iced tea. I don't use it for more antioxidants than what is in the green tea, but for the light flavor. Now here comes the interesting bit. I bought some basil plants and they were sitting on the counter next to the pitcher where I was about to brew some of this tea...so I got inspired and put some basil leaves in when I brewed. The resulting tea was delicious. My favorite of the three is the raspberry/goji berry tea alone, and this one with the basil.",i make this and the other variety of lipton superfruit teas into iced tea i brew them about 4 minutes and they make a light and refreshing iced tea i do not use it for more antioxidants than what is in the green tea but for the light flavor now here comes the interesting bit i bought some basil plants and they were sitting on the counter next to the pitcher where i was about to brew some of this tea so i got inspired and put some basil leaves in when i brewed the resulting tea was delicious my favorite of the three is the raspberry goji berry tea alone and this one with the basil
239939,3,Neutral,Positive,Positive,Positive,"Although I still prefer my 'real' sugar, this is the best substitute I've found so far.",although i still prefer my real sugar this is the best substitute i have found so far
406436,5,Positive,Neutral,Negative,Positive,"I THOUGHT THE PRODUCT ITSELF WAS WONDERFUL, BUT I PAID AS MUCH FOR SHIPPING AS I DID THE PRODUCT SO I PROBABLY WON'T BUY IT ONLINE AGAIN.",i thought the product itself was wonderful but i paid as much for shipping as i did the product so i probably will not buy it online again
442543,3,Neutral,Positive,Positive,Positive,i love this stuff but after buying a case i realized it was cheaper ($1.69 vs $2.50) at bally mart around the corner from my house !!,i love this stuff but after buying a case i realized it was cheaper 1 69 vs 2 50 at bally mart around the corner from my house
101433,3,Neutral,Positive,Positive,Positive,"My gf and I did a taste test of this, Kool-Aid Twists Blastin' Berry Cherry Unsweetened Soft Drink Mix (<a href=""http://www.amazon.com/gp/product/B001IZED2M"">Kool-Aid Twists Blastin' Berry Cherry Unsweetened Soft Drink Mix, 0.17-Ounce Packets (Pack of 96)</a>), and Kool-Aid Black Cherry Unsweetened Soft Drink Mix (<a href=""http://www.amazon.com/gp/product/B001IZLVE0"">Kool-Aid Black Cherry Unsweetened Soft Drink Mix, 0.13-Ounce Packets (Pack of 96)</a>).<br /><br />The Black Cherry has the richest dark color followed by Berry Cherry. We found it hard to pick a favorite flavor between those two as they are both good. I preferred the Black Cherry while my gf preferred the Blastin' Berry Cherry. We will probably alternate the two. The regular Cherry has the lightest color and does not taste as good as the other two.<br /><br />We use the Splenda packets so there are hardly any calories (Splenda has 3.5 calories per packet but it can be labeled as 0 calories since it is under 5). Splenda tastes just like sugar with no bad aftertaste. We have changed to using slightly less than 8 cups of water to make the taste richer. We have also increased the Splenda to 12 packets to make it sweeter.",my gf and i did a taste test of this kool aid twists blastin berry cherry unsweetened soft drink mix kool aid twists blastin berry cherry unsweetened soft drink mix 0 17 ounce packets pack of 96 and kool aid black cherry unsweetened soft drink mix kool aid black cherry unsweetened soft drink mix 0 13 ounce packets pack of 96 the black cherry has the richest dark color followed by berry cherry we found it hard to pick a favorite flavor between those two as they are both good i preferred the black cherry while my gf preferred the blastin berry cherry we will probably alternate the two the regular cherry has the lightest color and does not taste as good as the other two we use the splenda packets so there are hardly any calories splenda has 3 5 calories per packet but it can be labeled as 0 calories since it is under 5 splenda tastes just like sugar with no bad aftertaste we have changed to using slightly less than 8 cups of water to make the taste richer we have also increased the splenda to 12 packets to make it sweeter
558714,4,Positive,Negative,Positive,Negative,"I am a huge fan of rooibos tea, and I drink at least three cups a day. I was really looking forward to trying this rooibos blend with fruit and spices. The first cup I tried was completely overwhelmed by the flavor of cloves. I like cloves, but not to the exclusion of everything else. After the first cup, I examined the remaining sachets. Each one had at least one whole clove, and some had as many as five cloves, which is cloverkill for one cup of tea!<br /><br />Not wanting to toss the remaining teabags, I ended up opening the fabric sachets and removing the offending cloves, and using the tea loose. For me, that wasn't a problem, but if you don't have the gear for dealing with loose tea (a strainer or a tea ball), it might be a deal breaker.<br /><br />With the cloves removed, the tea was delightful. The flavor of the rooibos was accented by a bit of apple and spice flavor that enhanced but did not overwhelm the flavor of the tea.",i am a huge fan of rooibos tea and i drink at least three cups a day i was really looking forward to trying this rooibos blend with fruit and spices the first cup i tried was completely overwhelmed by the flavor of cloves i like cloves but not to the exclusion of everything else after the first cup i examined the remaining sachets each one had at least one whole clove and some had as many as five cloves which is cloverkill for one cup of tea not wanting to toss the remaining teabags i ended up opening the fabric sachets and removing the offending cloves and using the tea loose for me that was not a problem but if you do not have the gear for dealing with loose tea a strainer or a tea ball it might be a deal breaker with the cloves removed the tea was delightful the flavor of the rooibos was accented by a bit of apple and spice flavor that enhanced but did not overwhelm the flavor of the tea
241538,2,Negative,Neutral,Positive,Neutral,"I must say I'm kinda disappointed in this gum as I was expecting the same energy spurt that the Monster drinks gave me (as it has the same amount of caffeine, allegedly). I tried to chew 4 pieces (2 supposedly gives you the same amount of caffeine as in an energy drink) and that didn't give me near the amount of energy that a monster does. You do feel a little tingle after chewing 4  pieces but it's more like the feeling you get when you eat a candy bar or drink hot chocolate. I'm guessing that the claims for containing the amount of caffeine is true, but my body isn't absorbing it optimally (If I caffeine pill it - generic caffeine pills from walmart - then I get close to the energy drink energy burst)",i must say i am kinda disappointed in this gum as i was expecting the same energy spurt that the monster drinks gave me as it has the same amount of caffeine allegedly i tried to chew 4 pieces 2 supposedly gives you the same amount of caffeine as in an energy drink and that did not give me near the amount of energy that a monster does you do feel a little tingle after chewing 4 pieces but it is more like the feeling you get when you eat a candy bar or drink hot chocolate i am guessing that the claims for containing the amount of caffeine is true but my body is not absorbing it optimally if i caffeine pill it generic caffeine pills from walmart then i get close to the energy drink energy burst
445962,3,Neutral,Negative,Positive,Positive,Ended up getting this because didn't get to check out the prices before it shipped. The price had been raised since before,ended up getting this because did not get to check out the prices before it shipped the price had been raised since before
400042,3,Neutral,Negative,Negative,Negative,"The drink offers an incredible amount of boost, but unfortunately the taste is incredibly lacking. We recently had a strange heat wave in Chicago, so maybe en route to delivery the package became warm, and subsequently ruined some of the flavor in the drink? I'm not sure.<br /><br />Still, the top of the lid says not to shake, so I did notice that more flavor swam into my mouth when the can was almost empty, so perhaps it needed to be shaken after all. Still, the taste at the end was not enough to justify me ever getting this again.",the drink offers an incredible amount of boost but unfortunately the taste is incredibly lacking we recently had a strange heat wave in chicago so maybe en route to delivery the package became warm and subsequently ruined some of the flavor in the drink i am not sure still the top of the lid says not to shake so i did notice that more flavor swam into my mouth when the can was almost empty so perhaps it needed to be shaken after all still the taste at the end was not enough to justify me ever getting this again
160912,3,Neutral,Positive,Positive,Positive,"The Roland smoked herring had good flavor and would have earned a four star rating, but they were consistently mushy and lacked the firmness that I highly value in a sardine or any herring.  Every can I opened contained broken or easily broken herring that would fall apart on my fork. Perhaps they were overcooked or something in the canning process leads to this, but Roland doesn't earn my repeat business with the smoked herring.",the roland smoked herring had good flavor and would have earned a four star rating but they were consistently mushy and lacked the firmness that i highly value in a sardine or any herring every can i opened contained broken or easily broken herring that would fall apart on my fork perhaps they were overcooked or something in the canning process leads to this but roland does not earn my repeat business with the smoked herring
242732,4,Positive,Negative,Negative,Negative,"This isn't one of those rinky dink baskets with a bunch of products that have HUGE boxes and like 3 crackers in each. I've gotten those before, and they suck. It's so misleading, and so frustrating as a gift recipient to prepare to dig into something great only to find the box is all empty air with a small cellophane package inside!<br /><br />Pros:<br />- Proper sizes of actual foods<br />- Almost everything was actually pretty tasty<br />- The basket itself is huge. Seriously, this thing could send a full grown adult down the river. Made it actually useful for other purposes.<br /><br />Cons:<br />- The cookies were melty, and had to be tossed. Summer in St. Louis.<br />- Some of the items were just eh. Not great, but not terrible.",this is not one of those rinky dink baskets with a bunch of products that have huge boxes and like 3 crackers in each i have gotten those before and they suck it is so misleading and so frustrating as a gift recipient to prepare to dig into something great only to find the box is all empty air with a small cellophane package inside pros proper sizes of actual foods almost everything was actually pretty tasty the basket itself is huge seriously this thing could send a full grown adult down the river made it actually useful for other purposes cons the cookies were melty and had to be tossed summer in st louis some of the items were just eh not great but not terrible
127878,2,Negative,Positive,Positive,Positive,"This breaks my #1 rule from 'Tea Buying 101', which is ""Never buy tea that comes in a see-through bag"".  Light oxidizes tea like water oxidizes iron into rust.  Whenever I see a see-through bag, I see ""Attention uninformed consumer - check out this great tea we're showing you, even though by showing it we're ruining the product"".<br /><br />You can tell if a (sencha at least) tea is oxidized BTW if it comes out amber vs. light green.  I'd bet money you'll never get a green-colored brew out of this.<br /><br />I'm not saying there's no way this could taste good.  But a see-through bag to the informed is like seeing ketchup served with a fine steak.",this breaks my 1 rule from tea buying 101 which is never buy tea that comes in a see through bag light oxidizes tea like water oxidizes iron into rust whenever i see a see through bag i see attention uninformed consumer check out this great tea we are showing you even though by showing it we are ruining the product you can tell if a sencha at least tea is oxidized btw if it comes out amber vs light green i would bet money you will never get a green colored brew out of this i am not saying there s no way this could taste good but a see through bag to the informed is like seeing ketchup served with a fine steak
15720,2,Negative,Positive,Positive,Positive,"Certainly does not taste like bacon, but is good on a cold turkey sandwich.  If you are looking for a smoked flavor spead this is the spread for you.  Wouldn't every buy it again.",certainly does not taste like bacon but is good on a cold turkey sandwich if you are looking for a smoked flavor spead this is the spread for you would not every buy it again
503702,1,Negative,Positive,Positive,Positive,"Kroger sells one for $12.00, and Wal-mart sells one for $9.99. So how is two for $41.00 a deal or ever a good price?",kroger sells one for 12 00 and wal mart sells one for 9 99 so how is two for 41 00 a deal or ever a good price
164551,3,Neutral,Positive,Positive,Positive,"This conditioner does the job. It coats the hair well, smells pleasant, and seems to work fine. After using it rinses out well and my hair feels soft and manageable. I really can't find any superlative things to say about it, it does the job without any problems. I will say that I have an issue with telling which is the shampoo and which is the conditioner because the bottles are almost identical and I always forget which is which.<br /><br />I can't really tell if there is a benefit to using this on my colored hair or not. Everything seems fine with this conditioner, nothing stands out as being wonderful or awful. I did not have any leakage like other reviewers have reported with the shipping of this product. The cost is reasonable, that might be the best thing about this product.  I do like that the product is thick and not a runny consistency, it's easier to apply when I can get it to my head without having it drip off my hand.",this conditioner does the job it coats the hair well smells pleasant and seems to work fine after using it rinses out well and my hair feels soft and manageable i really cannot find any superlative things to say about it it does the job without any problems i will say that i have an issue with telling which is the shampoo and which is the conditioner because the bottles are almost identical and i always forget which is which i cannot really tell if there is a benefit to using this on my colored hair or not everything seems fine with this conditioner nothing stands out as being wonderful or awful i did not have any leakage like other reviewers have reported with the shipping of this product the cost is reasonable that might be the best thing about this product i do like that the product is thick and not a runny consistency it is easier to apply when i can get it to my head without having it drip off my hand
